palavra,count_l,count_b
presidente,929,231
nessa,42,31
eleição,190,28
ganha,43,17
primeiro,166,59
turno,62,17
vice,126,9
coletiva,132,9
imprensa,201,113
decisão,103,14
direito,280,41
candidato,513,35
afirma,44,5
querem,271,40
acabar,86,28
ministérios,3,35
mulheres,93,56
negros,32,4
direitos,236,80
humanos,63,66
cidadania,27,4
fazerem,4,2
política,412,82
domésticas,6,5
aprovou,14,9
cotas,13,5
sendo,125,110
amor,40,77
gente,925,16
últimas,9,10
pesquisas,51,31
vemos,8,10
única,90,7
coisa,218,7
fazer,713,92
acreditar,37,9
mesmos,17,14
chico,64,15
buarque,34,1
celso,33,9
amorim,37,4
falam,43,13
quinta,19,12
livre,254,45
acompanhe,210,13
vivo,303,31
cerimônia,11,16
entrega,14,18
doutor,61,6
causa,96,9
quanto,62,39
dias,186,77
nascer,9,3
neste,210,62
país,1709,216
infelizmente,14,32
parece,35,7
existe,87,24
legislação,10,10
resto,14,1
julgamento,67,2
registro,40,11
minutos,9,9
antes,155,43
fechamento,3,1
pauta,17,9
prazos,1,1
respeitados,10,4
aconteceu,53,3
povo,1329,132
trabalhador,140,9
pobres,205,15
orçamento,65,18
união,35,37
perseguição,63,3
fazendo,173,31
contra,557,232
conquistas,38,2
últimos,41,56
então,79,21
proibição,3,1
juiz,145,18
vereador,15,21
adiantou,2,1
nada,212,51
porque,637,55
dessa,76,26
menina,12,5
ninguém,207,29
tirar,118,18
políticos,56,45
líderes,23,11
sindicais,11,1
reino,6,7
unido,6,6
divulgam,3,2
apoio,64,112
partido,196,47
trabalhadores,248,22
defende,23,15
autonomia,12,11
liberdade,218,141
expressão,12,16
democracia,381,68
derrotar,34,2
façam,20,1
forma,43,39
limpa,5,6
urnas,44,8
propostas,52,25
responsabilidade,50,37
momento,157,60
brasileiras,32,9
aberto,6,6
assassinato,3,17
consciência,92,16
tranquilo,44,1
humor,10,4
quero,434,8
confiem,2,1
levem,3,2
vitória,79,49
pcdob,22,41
anunciam,4,1
aliança,18,6
brasil,1483,1214
último,63,11
universidade,280,12
apesar,16,13
maior,155,126
extensão,3,3
criada,5,6
palanque,7,2
criaram,19,1
casa,271,46
compromisso,86,36
nunca,309,48
campanha,241,55
suja,2,6
representa,50,17
comunicadores,1,1
porta,31,6
pedindo,36,4
votos,68,24
hora,107,15
aumentar,37,12
produção,39,43
agrícola,2,2
precisamos,103,19
nenhuma,74,7
árvore,2,1
conversou,6,1
prêmio,33,2
entrevista,311,117
mídia,51,89
independente,16,8
pernambuco,61,19
comércio,16,43
duas,56,19
mãos,16,16
comprar,64,10
vender,66,6
equilíbrio,4,1
integração,23,17
extremamente,4,12
importante,145,38
faça,37,6
brasileiro,410,125
inocente,37,4
golpe,237,12
parlamentar,21,22
petróleo,52,7
educação,408,108
retomar,37,1
indústria,85,27
naval,71,8
fizemos,168,7
destruíram,6,2
tudo,228,153
feito,82,22
dizem,55,21
roubar,12,8
vocação,2,1
tiro,8,2
sair,64,11
quiserem,36,1
urna,28,7
investimento,101,34
atender,14,17
interesses,25,20
mercado,83,67
estrangeiros,23,16
efetivamente,3,1
tentando,36,9
parcela,8,2
grande,297,287
possibilidade,21,20
desse,209,19
respeitado,64,1
auto,8,1
estima,8,1
sorte,15,12
encontrar,35,1
permitir,52,4
governar,159,10
estado,281,157
difícil,34,12
futebol,11,12
copa,20,4
mundo,378,115
acabamos,6,6
sofrer,8,2
eliminação,1,2
imposta,4,1
bélgica,10,1
competência,19,7
orgulho,142,12
universitário,27,2
universidades,122,9
nesse,219,23
advogado,78,6
explica,22,11
absurdos,4,6
acusações,28,3
possível,228,53
enfrentamos,6,2
fome,172,6
pobreza,32,2
sistema,30,62
social,137,50
sempre,199,201
precisou,12,1
transformado,3,1
perder,52,9
reforma,101,21
previdência,81,46
jeito,86,21
inserir,3,1
economia,178,169
emprego,170,41
financiamento,13,4
crédito,34,10
senão,12,2
crescimento,31,63
econômico,20,25
trabalhar,75,10
instantes,37,3
discurso,106,39
recebimento,1,3
novos,33,69
filiados,2,1
distrito,8,10
federal,246,114
acreditamos,15,6
violência,65,65
trabalho,140,140
vamos,481,195
crise,103,17
jornais,26,15
seca,41,3
construímos,17,1
milhão,25,17
vencer,46,10
praça,86,6
curitiba,331,10
apoiadores,11,6
inteiro,35,3
governo,653,382
levando,15,5
passado,32,45
fizeram,124,10
carnaval,7,3
dinheiro,144,85
ouro,34,6
pediram,5,1
desculpas,63,5
dona,59,2
terem,22,1
encontrado,4,2
desgraça,28,1
tentar,47,18
pintar,2,1
real,39,15
historicamente,4,3
desigualdade,20,6
missão,12,50
sociedade,135,57
confiou,2,1
aprender,29,5
disputar,45,1
voto,120,75
plantamos,1,1
paciência,10,1
político,182,21
enquanto,106,44
obama,10,3
dizia,35,1
cara,91,17
feliz,121,38
teixeira,9,2
após,184,113
qualquer,116,77
ação,37,37
imparcial,12,1
mostramos,8,5
perdeu,26,10
pobre,359,8
tratado,41,6
terceira,9,5
categoria,9,3
ideal,10,5
apenas,127,75
alianças,7,3
compõe,1,1
nenhum,150,19
pensa,19,3
diferente,32,27
luiz,113,10
henrique,12,5
coordenação,7,3
vivia,13,1
lixo,15,9
vergonha,56,9
capacidade,43,12
resistência,76,6
governador,190,17
tratar,21,5
cidadão,80,55
zona,38,2
leste,19,2
merece,28,20
lembra,93,3
desmatamento,4,2
amazônia,26,34
caindo,4,9
fernando,279,9
conversa,40,33
jornalistas,22,10
passar,62,16
história,261,59
homenagem,50,43
proposta,38,21
maria,47,29
alencar,26,7
república,126,45
governando,14,2
meia,15,5
dúzia,10,1
pessoas,476,84
tributária,9,6
plano,72,48
isentar,5,1
imposto,43,25
renda,65,30
físicas,3,3
todos,467,583
ganham,6,11
cinco,46,5
salários,27,7
mínimos,17,1
saco,5,3
comece,4,1
manhã,41,21
outra,87,12
depende,10,7
desenvolvimento,98,81
ciência,23,31
tecnologia,26,40
caravana,240,2
caminho,72,58
jogar,28,7
costas,16,4
problemas,35,28
come,10,1
produzido,4,3
pequena,12,7
propriedade,11,24
rural,34,11
importância,73,30
fortalecer,19,6
pequeno,29,18
produtor,13,7
santo,36,16
final,39,42
pedir,93,3
agradecer,65,7
companheiros,58,5
comigo,98,15
levante,4,1
popular,67,8
beijo,8,2
coração,71,23
carrego,2,1
alma,25,6
sindicato,58,3
responsável,17,13
multidão,35,2
aparecida,9,1
norte,64,43
domingo,80,36
perseguido,15,2
crime,124,66
cometeu,20,2
convida,8,2
ruas,84,29
deixou,43,7
problema,143,31
virou,31,4
solução,51,15
estrada,49,2
participa,100,4
bemvindo,2,3
direto,89,4
teatro,15,4
tanto,102,26
cuidar,60,1
deste,117,45
prefeito,95,7
diga,14,6
regulação,11,4
deveria,68,17
empresário,37,6
comunicação,59,12
certo,47,49
famílias,57,24
ditadura,36,41
tortura,5,12
instituto,86,9
histórico,29,15
transformação,14,3
milhões,285,115
micro,7,4
pequenos,21,8
empreendedores,2,1
salário,112,12
mínimo,56,10
aumentou,25,7
durante,300,32
cultural,12,9
mostra,22,29
intenção,8,15
fatos,20,47
criado,21,10
pronaf,12,3
programa,100,118
voltado,3,1
expandido,1,2
chegando,30,16
linhas,5,7
semiárido,14,2
alimentos,21,6
lutar,91,8
realizar,12,8
sonho,55,3
poder,125,95
estudar,67,1
tomar,51,6
semana,51,126
ministro,71,156
temer,181,15
continuidade,5,12
agenda,18,37
maldades,3,1
razão,36,10
andar,86,7
cabeça,140,4
baixa,13,9
aprendi,50,2
erguida,51,1
martins,19,7
concede,21,3
saída,22,7
polícia,103,51
precisa,245,31
promover,10,10
dizer,216,18
pessoal,31,16
diante,27,24
brasileiros,149,126
perderam,12,11
perspectiva,9,1
assista,193,74
íntegra,91,15
nova,110,100
prisão,246,23
jornalista,34,26
esforço,11,3
cada,198,106
tornar,19,18
candidatura,136,9
fato,31,24
agosto,28,24
sido,64,11
primeira,168,37
região,87,72
construção,29,21
minas,81,29
quer,243,68
democrática,25,7
espero,42,10
corte,54,7
justiça,194,49
benefício,12,10
julgado,30,1
mérito,17,3
processo,190,35
juntos,83,97
capazes,9,2
reconstruir,18,2
caetano,19,1
veloso,7,2
posse,27,28
vídeo,34,59
emissora,6,2
reconheceu,9,1
militar,35,97
pediu,30,3
quase,87,41
conhecem,13,1
preconceito,37,20
editorial,5,4
falar,189,20
bahia,84,14
nota,73,15
pesar,9,9
morte,22,16
garcia,7,3
câncer,6,12
conheço,11,2
diplomata,5,1
estrangeiras,7,4
ganhar,120,7
título,92,7
defesa,266,84
preciso,130,18
parar,43,11
cortar,16,1
estatais,3,17
sabe,195,27
legado,51,9
acho,85,7
sabemos,33,23
alguém,109,19
elite,128,2
chega,81,26
militância,46,2
postos,13,11
caxias,28,3
noção,27,2
acontecendo,63,6
cometer,5,4
erros,20,6
contar,28,4
utilizar,4,5
depoimento,65,3
delator,10,1
informal,1,1
justificar,13,1
condenação,27,7
escolher,31,6
pedaço,4,1
pará,36,20
geração,35,26
criou,43,5
carteira,23,10
assinada,15,13
variação,2,2
comparação,5,14
caminhada,162,7
goiânia,9,9
possivelmente,5,2
movimento,57,19
sindical,31,7
conta,104,43
defender,94,18
soberania,106,36
começou,76,5
ferraz,4,1
vasconcelos,4,1
estará,31,9
número,42,31
porto,61,36
alegre,40,6
clara,1,4
explicação,19,3
marinho,32,8
recursos,27,78
federais,42,31
prefeituras,6,2
paulista,31,13
disse,127,17
guerra,37,30
vencemos,4,2
agradar,3,2
consertar,52,1
nesta,135,55
terçafeira,22,9
faltam,20,6
garantir,52,17
futuro,127,97
limites,4,7
quiser,64,9
soberano,19,3
sabem,177,11
sofrimento,13,1
venho,11,1
nordeste,140,78
ignorante,9,3
tarcísio,7,11
companheiro,69,3
peço,28,31
querido,22,3
amigo,40,15
carinho,71,57
gostaria,25,15
estar,120,36
cuidando,6,1
criamos,75,1
consumidores,6,6
mudar,71,74
financia,3,2
estudante,16,4
gasto,45,3
desses,10,18
grandes,31,33
homens,23,20
estarão,9,6
podemos,89,31
passou,69,8
época,24,8
pais,19,18
congresso,121,69
nacional,243,142
fotografia,3,2
pior,22,17
advogados,76,4
desrespeito,6,6
chamar,22,7
deixar,96,10
ódio,151,25
culpa,45,11
fogo,10,29
morador,9,5
senador,53,18
levar,62,13
força,76,37
luta,225,24
melhorar,78,7
junto,77,41
tucano,17,2
corruptos,5,14
coragem,96,3
serra,15,4
foto,36,32
dizendo,65,3
encontro,125,23
nora,1,1
grupo,26,29
mães,18,8
maio,26,17
decidimos,18,2
lançar,6,4
apoiar,6,7
todas,125,42
forças,26,37
reúnem,7,1
torno,12,7
recebia,2,1
oferecido,1,1
câmara,44,82
portuguesa,3,2
dois,100,34
havia,20,3
homenageado,5,1
francesa,4,1
reconhecimento,22,7
cooperação,8,16
países,58,75
vagas,23,16
oferta,2,9
ensino,63,40
superior,41,11
sergipe,40,5
chegou,80,10
presidência,210,44
debate,82,28
votar,130,12
amanhã,86,31
pudesse,26,5
estaria,13,5
eduardo,37,36
suplicy,20,1
deputado,55,85
revelam,2,3
dono,39,1
reuniu,18,2
livros,16,9
teses,1,1
governos,86,50
biblioteca,1,1
pretende,5,5
resgatar,18,26
reunindo,1,1
vasto,1,1
disponível,6,9
diretas,15,1
escolhe,6,1
reunida,4,1
frente,94,45
respeitar,26,4
certeza,77,20
ganho,5,2
eleições,167,68
largo,10,1
lotado,7,3
receber,62,25
pimentel,18,3
sentiu,3,2
pele,5,7
ambiente,14,44
leia,89,5
carta,139,11
aceitável,1,2
silêncio,8,8
instituições,34,32
prejudicar,13,6
plebiscito,6,1
votei,2,7
ontem,99,50
salvador,42,4
tentaram,24,5
esconder,8,2
graves,8,1
lava,170,20
jato,162,17
escondeu,1,2
provas,122,3
inocência,84,9
ajudar,46,10
farsa,17,9
cima,39,8
atos,34,20
humanidade,13,1
rico,55,3
desenvolvido,7,5
qualidade,46,20
impossível,12,3
histórica,26,18
contato,7,3
terra,64,12
especialista,6,2
daqui,117,24
votação,19,13
expressiva,3,1
outubro,46,34
acabou,45,8
encerrar,4,2
gerais,53,18
vendo,37,2
televisão,34,2
impedir,69,13
nordestino,57,7
mora,11,2
podia,53,1
visitar,88,4
família,149,118
avião,45,6
somente,30,47
ônibus,42,12
negro,30,1
índio,9,3
ingressar,1,1
própria,16,18
comer,64,1
três,75,10
vezes,108,25
elétrica,12,5
acessível,2,1
empregadas,4,3
amplia,2,4
vantagem,7,2
internacional,111,27
maioria,38,33
ocupação,24,2
vítima,33,16
desemprego,49,20
santana,24,1
veio,24,5
olhar,33,2
olhos,23,10
percam,8,1
esperança,134,22
pegar,28,6
dentro,45,35
sala,8,5
cirurgia,6,11
tamanho,15,3
muita,156,20
honesta,10,2
máximo,7,7
igual,38,13
vila,27,8
hospital,11,23
leitos,1,2
grana,5,1
continente,17,5
corações,6,5
unidos,32,48
julgar,28,2
base,35,27
manter,32,14
pessoa,134,36
presa,5,3
perguntando,9,2
saiu,41,4
caixa,25,17
favor,48,41
respeito,122,61
opiniões,1,7
lado,121,62
précandidato,6,4
opõe,1,1
extrema,11,9
direita,23,45
pouco,127,92
petrolina,15,2
setembro,7,45
janeiro,144,87
carro,41,4
desde,137,91
outras,34,36
cidades,53,12
calar,21,8
toca,3,2
iguaçu,18,1
pleno,6,6
cidadã,3,4
situação,65,25
levaram,13,1
cabral,6,1
rainha,4,3
agostinho,1,1
neto,7,3
gonzales,1,1
luiza,1,2
barros,4,5
obrigação,24,10
moral,14,9
parceiros,2,6
instagram,7,14
votem,8,2
verdade,151,151
nação,52,44
deixando,6,3
campo,92,37
filme,12,7
chamado,25,8
horas,53,19
volta,129,36
amiga,7,2
filha,36,14
vale,58,40
delação,36,3
palocci,14,1
defenderam,2,1
começaram,16,3
mapa,28,2
disseram,21,2
podem,118,37
coisas,107,7
recuperar,71,5
ataquem,1,2
mesma,50,21
atacam,5,6
favela,6,1
quarto,2,6
tempo,157,46
estarei,23,36
derrubar,17,11
dando,36,20
venha,11,2
conhecer,52,11
abreu,2,2
campos,24,6
ibge,2,9
trouxe,18,3
dado,21,7
taxa,7,24
jovens,83,33
dobro,6,2
geral,20,31
população,121,103
meta,11,9
enterrar,4,1
projeto,92,91
mario,3,1
rádio,120,16
josé,54,25
credibilidade,36,10
incluir,24,3
freitas,13,3
massacre,6,4
vence,7,1
silva,81,13
sabiam,18,1
filho,123,36
fundamental,8,18
seguir,21,8
regra,8,5
seguimos,6,55
condições,55,27
faremos,9,23
ouça,54,1
trecho,14,22
toda,111,36
divergências,6,2
esquerda,51,164
significa,37,6
levantar,15,3
petrobras,95,15
gabinete,2,17
embaixada,2,6
fundo,25,22
faculdade,32,7
queremos,160,38
rede,49,39
solidariedade,97,15
passando,27,4
principalmente,10,26
contexto,4,6
suportam,11,1
voltou,29,2
corda,2,3
incomoda,30,5
brasileira,182,76
chegar,87,17
aeroporto,14,40
camada,3,1
moro,293,20
divulgou,8,3
devem,21,19
publicar,5,8
mentira,107,34
organização,26,11
criminosa,8,9
chefe,16,24
próprios,1,7
filhos,99,42
nogueira,2,2
cansado,6,2
ouvir,53,8
procurador,21,2
falando,58,11
prova,112,9
fico,46,6
triste,30,1
baixo,29,12
grito,12,2
cerca,11,49
tomaram,6,1
centro,62,36
aracaju,10,3
guararapes,2,1
vermelha,10,5
acaba,34,14
ovacionado,1,2
público,98,41
local,30,17
início,25,50
ernesto,7,9
denunciado,2,2
caráter,33,14
preso,185,26
meses,75,60
itaqui,10,1
investe,10,1
otoni,11,1
gera,19,10
empregos,96,93
profissionais,5,22
qualificados,1,3
completou,8,1
sete,23,4
custou,10,2
impedimento,9,4
ignorância,5,3
falta,70,31
palavras,20,37
representam,4,4
pensamento,6,7
jornada,33,1
abril,25,16
descarado,1,2
moleque,4,20
passa,36,24
serem,9,16
dignidade,94,7
alta,16,23
agricultura,39,29
familiar,40,13
recebido,29,11
energia,38,50
gaúcha,2,1
complexo,35,3
saiba,55,35
conseguimos,44,2
sede,48,4
considera,6,3
acima,29,86
jamais,58,33
deixará,5,2
sabatina,21,3
permanente,4,1
posso,82,5
oferecer,10,2
parecer,6,2
mesmas,15,2
eleger,103,7
moradores,27,6
acompanham,8,1
carros,5,7
motos,2,1
carreata,7,2
basta,32,8
apelo,4,5
atenção,18,18
deputados,58,44
césar,7,2
artistas,61,8
comprometido,9,1
cumprir,32,9
constituição,54,25
graça,10,4
pagar,66,12
poderia,65,13
precisam,67,8
adversário,20,2
globo,157,83
comando,5,23
meios,38,12
comunicações,5,2
grato,8,67
conduzir,2,5
argentina,38,22
direção,16,29
resolver,58,4
agradeço,22,91
demonstrou,2,1
visitando,7,6
deus,58,146
abençoe,4,17
argentino,8,2
manuela,35,1
marcia,6,1
visitam,10,4
rocinha,4,3
seguem,8,20
recife,44,5
onde,208,81
fazem,40,31
cidade,195,19
noite,52,112
sábado,37,14
inédita,9,5
notícias,23,20
falsas,16,11
ofensivas,1,1
internet,15,62
agricultores,26,2
dívidas,7,5
juros,16,16
abusivos,1,1
palavra,34,28
chamando,7,5
empreendedorismo,1,4
acham,52,3
empreendedor,2,5
capitalismo,3,4
acha,35,10
crescendo,11,17
cresce,19,15
único,49,22
crescer,89,28
começar,35,3
cobra,8,4
perícia,2,1
documentos,8,5
assunção,5,2
confiança,32,84
extraordinária,16,1
patrimônio,31,9
perguntar,12,1
presidentes,9,9
favorita,2,1
almoço,18,1
acampamento,47,1
medo,125,14
angra,5,8
petrobrás,22,12
desembargador,8,2
começa,87,7
guerreiro,6,4
entregando,17,1
capital,31,6
estrangeiro,6,4
comitê,43,6
lança,13,9
caderno,1,1
logo,31,40
gostem,2,1
admitir,8,2
experiência,12,8
distribuição,18,5
integral,2,7
escolas,67,50
recebe,103,18
cumprimentar,8,2
querida,9,2
símbolo,13,3
juventude,55,6
reconhecidos,3,3
tribunais,12,2
centenas,9,7
candidatos,38,12
mandato,41,16
puder,10,2
alimentar,7,5
realizado,14,12
saudade,15,1
salvou,3,4
cheio,12,3
esperta,1,1
existia,10,4
queria,145,4
colocamos,23,1
menos,97,106
sentimento,10,13
anti,2,1
fazemos,8,6
resgatando,3,6
memória,17,3
razões,11,3
alegria,34,5
acesse,24,7
veja,77,60
consegue,27,6
muitos,54,57
pedidos,6,5
abraços,9,3
última,50,27
orquestra,2,1
abre,12,6
programação,17,4
breve,17,35
principal,16,13
cena,8,2
carioca,2,5
mudou,48,3
visão,7,5
incompetente,1,1
obrigado,60,348
olha,26,1
brasília,93,54
incentivo,6,8
conseguir,37,6
medalhas,5,2
completamente,4,6
cedo,10,8
pois,35,30
resolvemos,14,1
museu,13,2
guimarães,13,6
rosa,6,5
diversas,8,13
criadas,9,5
pede,39,18
saidinha,1,2
prender,52,2
soltar,6,5
permite,10,19
humberto,6,2
costa,41,14
tema,15,14
saúde,83,71
programas,36,8
criados,15,7
independência,20,22
financeira,4,7
central,22,9
invadir,5,2
hotel,8,3
metade,28,4
gasolina,13,4
pneus,1,1
atacar,9,5
bandeira,18,11
errado,36,8
respeitada,7,4
disposto,17,2
continuar,82,18
alguns,43,85
perto,23,18
erro,32,5
boulos,11,1
citando,5,2
frase,5,2
conquista,21,9
óleo,14,13
preparando,12,1
necessário,22,12
aprendendo,5,2
ganhamos,13,1
novo,143,77
motivo,25,15
vexame,2,1
maiores,39,48
juristas,25,1
condenam,3,1
digo,25,5
passei,18,1
estados,49,66
festa,13,12
resultado,46,38
revogação,2,4
trabalhista,23,1
diretamente,5,11
conviver,24,5
democraticamente,33,3
interior,27,11
piauí,54,6
acredita,24,7
petição,12,1
folha,31,46
exercício,6,2
regular,8,2
função,9,8
parceria,8,17
moradias,1,10
enche,2,1
acompanhar,10,6
renomados,7,1
leiloadas,3,1
quarta,11,4
paraíba,60,17
joão,53,32
partir,58,22
passamos,12,2
engenheiro,17,3
suficiente,9,2
estimular,3,5
franca,7,1
manaus,23,9
prática,19,18
cenário,19,9
especulação,5,1
nações,9,18
explicar,26,1
denúncia,42,2
abusos,12,3
resgata,2,3
período,40,66
realidade,31,20
atual,40,36
crítica,2,5
classe,61,6
caso,36,84
pensando,26,3
opinião,32,18
pública,78,82
relação,64,65
amizade,16,13
entrar,46,4
além,35,80
questão,46,26
sobrevivência,2,2
maluco,2,2
financeiro,8,5
papel,58,22
combate,42,82
criminalidade,5,15
cultura,60,32
espírito,14,14
acredito,37,18
saber,122,10
longo,16,13
sentença,45,1
afronta,5,1
revertida,2,2
certos,6,2
água,65,21
tiros,4,5
policial,6,24
atingidos,5,2
ferido,3,2
power,13,2
point,13,1
apareceu,10,2
audiências,1,3
fraterno,2,1
eleitoral,85,15
coligação,16,1
desta,45,37
compartilhe,32,2
participou,14,4
entidade,10,1
sagrada,2,6
humano,27,4
convenção,28,8
impeachment,31,27
grosso,17,15
bolívia,15,5
conheça,35,9
eleito,90,28
alberto,8,8
militantes,13,16
mudaram,9,1
continuamos,5,12
igualdade,34,3
justo,64,8
roberto,17,16
convencer,20,1
retirando,2,4
superávit,2,1
gerando,10,23
comercial,6,14
formamos,1,1
partidos,34,24
conosco,15,14
unidade,7,8
setores,16,20
primeiros,9,27
propor,6,4
emergencial,8,1
visando,2,9
elevar,2,3
ampliar,10,13
gerar,48,14
novas,24,23
oportunidades,56,7
prioridade,15,13
disputa,37,10
projetos,20,36
diferentes,10,6
lembrar,47,9
industrial,9,4
aliada,2,1
bairro,26,1
grata,1,2
satisfação,5,26
graças,31,23
profissão,16,4
soja,12,2
produto,4,6
valor,26,33
século,40,5
pronto,14,8
obviamente,6,2
concorrer,13,2
pôde,3,1
colocaram,17,5
corrupção,65,113
conseguiram,18,3
collor,5,1
capa,10,4
aécio,36,6
conseguiu,30,1
francisco,84,10
beltrão,7,1
paraná,16,23
nome,74,57
festival,44,1
digital,8,9
jogo,64,35
segundo,88,63
dessas,15,3
valores,11,40
democráticos,4,1
aposentado,8,1
nasci,16,2
precisar,27,2
lutando,21,3
netos,15,1
recebi,15,23
perda,9,3
considerado,11,3
ponto,28,24
referência,12,19
progressistas,9,1
vença,7,1
derrotas,1,1
virtudes,3,2
adversários,49,19
pensar,31,5
soluções,10,9
diminuir,16,7
admitem,15,2
senso,7,5
sente,5,1
banco,53,21
paula,5,3
reis,9,7
pergunta,25,5
protestando,2,1
juízes,34,3
letícia,26,1
faleceu,1,1
velório,4,2
aprenderam,11,1
conselho,14,21
wagner,25,2
página,12,6
jornal,88,60
francês,11,3
general,8,49
mourão,4,8
tarde,28,39
conversar,46,13
ofensa,3,5
revolução,34,6
inclusão,54,6
sabendo,13,2
tomem,4,3
aposentadoria,37,5
caminhão,3,2
prestes,3,1
santa,54,26
volte,51,4
jovem,47,14
gabriel,3,5
jesus,2,7
cumprindo,5,9
tática,3,2
assim,85,65
bancada,14,5
mensagem,52,24
participei,5,2
tipo,24,23
manifestação,22,12
confiam,2,1
massacrado,4,3
amigos,58,61
lideranças,25,2
contribuíram,2,1
alguma,27,18
acontecer,31,5
condenado,43,15
ofício,5,3
confronto,2,2
reduzir,10,31
conquistados,7,1
meio,55,42
cuidado,9,8
gigante,14,6
nasce,8,1
minuto,15,2
segue,56,68
fraternidade,4,1
obra,32,10
maravilhoso,2,3
especiais,1,4
escreveu,28,1
senti,6,2
prazer,17,15
fiquei,26,1
conhecemos,2,1
manda,24,6
recado,46,8
escolhi,14,1
candidata,31,1
cargo,17,13
nervosos,3,1
encontram,2,2
novamente,23,18
matrículas,9,4
técnico,12,8
técnicas,44,4
nasceu,48,7
lógica,7,10
deveriam,16,1
pequenas,6,3
bacia,3,1
ajudou,17,2
música,19,10
fascista,5,2
faixa,10,3
presidencial,25,21
reinado,1,2
belo,43,13
horizonte,42,7
origem,10,3
otimista,17,1
entenda,32,31
guarulhos,22,1
sudeste,9,7
morrer,37,1
deixe,7,3
cidadãos,11,49
pedido,31,18
joga,5,3
tentam,17,20
líder,61,17
eleitorais,10,6
colocar,97,20
governado,31,3
professores,36,13
empresários,35,25
salão,2,1
livro,48,8
convidado,5,4
seguinte,12,4
lida,7,1
abertura,21,20
edição,10,4
evento,24,12
documento,24,3
blog,5,15
atualmente,4,16
existem,17,6
processos,18,4
andamento,2,8
terras,18,8
indígenas,15,11
áreas,5,38
índios,12,14
demonstra,4,7
desconhecer,2,2
povos,20,12
reportagem,6,1
conhece,40,5
show,23,4
nascimento,5,4
gostar,22,1
lugar,70,20
aguarda,7,3
animais,2,5
cais,1,1
sertão,25,2
apresentação,14,1
ideia,65,15
percorrer,11,2
chegaram,8,3
achar,18,1
helicóptero,3,1
cocaína,3,8
sabia,44,5
quintafeira,37,34
reafirmou,13,1
firme,12,11
objetivo,41,35
continue,10,6
próximo,46,23
ribeira,1,5
apresentar,31,5
mário,5,2
brancos,3,2
existir,10,6
intolerância,7,3
linda,5,2
confira,56,4
fotos,17,6
democrático,49,2
alcançar,3,1
unir,6,5
respeitando,3,7
movimentos,44,7
tendo,24,7
resgate,3,9
sofrida,4,1
lidando,4,1
honestidade,9,6
fábrica,34,3
carne,21,11
vinha,13,1
irmã,5,7
goiás,6,17
desafio,34,8
procuradores,42,1
dificuldades,9,4
regionais,3,1
avançando,3,14
mudanças,16,11
dificuldade,9,6
decidi,17,1
américa,93,25
latina,69,13
amigas,5,2
chegamos,27,11
ameaça,17,24
enorme,10,12
gilmar,2,1
mendes,13,3
dedo,8,1
oportunidade,103,29
lembrando,15,1
estudo,15,5
suspeito,3,1
gerente,2,2
milho,5,2
realizamos,3,2
profundo,7,3
secretaria,8,17
virar,39,3
sindicalista,8,2
lançamento,52,13
prefeitura,25,3
santos,38,20
escravidão,32,2
companhia,3,7
falecido,1,2
eterno,5,6
marcelo,26,10
outro,80,30
dificulta,1,1
mostram,11,9
busca,16,28
formal,3,3
melhorando,8,6
inclusive,35,15
aproximadamente,1,8
usina,17,2
diário,10,5
viagem,21,23
manchetes,19,3
censura,18,13
condição,17,3
fátima,7,1
gomes,12,7
mulher,107,25
ruim,20,5
trouxeram,4,1
destruindo,35,3
acabando,22,4
super,4,2
notícia,21,31
julho,7,15
asas,3,2
diferença,23,15
meninas,6,2
daqueles,15,7
conheci,14,5
nível,14,15
politização,3,1
natal,42,16
proibido,17,3
mundial,52,32
cassou,3,3
latinoamericana,8,1
exemplo,43,42
verdadeiro,8,13
destruição,23,12
embaixador,3,14
preocupação,26,17
humildes,16,5
pátio,6,1
próxima,20,16
alckmin,16,4
consolida,2,1
liderança,18,6
monteiro,24,1
contrato,5,7
gosta,48,4
segunda,47,19
revogar,14,2
ficar,96,12
comprando,9,6
adianta,29,7
políticas,76,20
despedida,8,2
geraldo,10,4
continuação,4,1
econômica,33,53
centrão,1,2
nega,17,2
recebeu,67,12
conforme,4,2
declarado,1,1
área,24,27
guedes,6,33
preço,24,25
parque,12,5
eólica,1,1
denuncia,18,1
investir,57,13
médicos,14,42
bolsa,83,36
relações,19,50
áfrica,34,2
deve,80,43
patamar,1,5
aguentam,2,1
morais,20,3
contou,13,4
propaganda,11,15
faço,23,1
jornalismo,6,18
resta,3,1
dúvida,23,1
estratégia,7,3
consulta,2,2
brigado,2,1
contribuição,9,5
gere,1,2
recebem,11,7
informações,13,38
vira,24,2
manchete,8,2
provando,5,1
poderosos,15,1
matar,22,4
poderão,6,9
chegada,34,34
dispara,3,2
favorito,2,1
isenção,5,9
zero,17,5
empresas,40,30
explorar,5,7
aumento,42,41
diesel,3,5
tomamos,6,1
compras,3,12
miami,7,1
religião,7,7
nobel,23,1
metrô,11,1
emocionante,13,8
fácil,32,3
controlar,5,7
inflação,28,11
diminuindo,10,4
alto,26,8
junho,12,23
bogotá,1,1
conversei,1,4
estratégica,2,4
atribuído,3,1
vaga,8,1
demais,26,19
couro,2,1
usado,5,7
agradecimento,16,3
objeto,7,2
mesa,17,2
homem,78,12
honesto,16,8
aproveito,3,4
idade,40,6
segundafeira,19,9
começo,14,4
votando,6,1
cunha,11,6
atrapalhando,1,1
votações,3,1
confia,5,2
claro,24,20
copacabana,4,17
estupro,3,8
vote,20,7
mente,14,8
vencerá,26,2
ceará,39,29
transposição,68,1
mobilização,13,3
aquecimento,7,1
trocar,12,2
usar,24,6
senado,62,30
fernanda,5,6
zumbi,4,1
polo,23,1
vivendo,46,4
sociais,84,41
alerta,4,9
risco,14,24
deputadas,1,2
cuidaram,4,1
provado,7,1
armas,13,40
disso,34,20
religioso,6,1
reflexão,4,7
perante,7,3
cláudio,32,2
assistência,6,6
técnica,16,3
merenda,13,3
locais,4,13
adquirir,2,1
máquinas,6,5
produtividade,3,3
voltando,16,8
trump,20,22
ricos,46,2
avançamos,3,2
explicam,3,1
destruir,69,10
ignorantes,3,1
encerrou,8,3
campina,15,9
setor,14,40
ministério,58,82
chamou,9,1
exprefeito,8,1
fazia,22,2
planos,8,13
aprovação,23,25
permitam,6,2
provou,19,1
dívida,42,7
conhecimento,35,20
chegarmos,4,1
vazamento,4,2
ilegal,21,3
completa,28,9
sérgio,68,14
conversando,8,6
especialmente,15,2
seminário,16,1
paraguaio,1,2
correção,1,2
necessária,5,9
atitude,5,4
haverá,9,4
participam,10,5
sozinhos,2,1
participar,38,8
ferro,12,2
cimento,4,1
priorizar,3,3
ponte,17,7
comida,24,4
freire,9,7
feio,2,3
entender,36,12
normalmente,3,1
investigar,16,4
honestos,5,2
respeitem,9,1
descobrimos,14,1
passo,15,37
judiciário,38,8
continua,41,19
esconde,9,4
tantos,11,7
mecanismos,11,4
juazeiro,18,3
rumo,27,28
cariri,13,1
parada,52,3
marcadas,2,1
diária,2,5
elegi,3,1
ficam,18,2
conseguem,22,1
aceitar,45,3
idéia,1,1
termos,15,6
recusa,6,2
acesso,61,23
alegando,2,6
cortes,18,4
média,14,15
percebe,3,1
escola,65,43
particular,5,2
deixa,24,9
atraso,11,4
flamengo,6,5
vasco,3,4
torcer,2,2
flamenguistas,1,1
seguida,4,1
bush,22,1
convidou,2,1
confirma,12,3
negociação,6,2
acordo,28,53
autoridade,11,12
estrangeira,4,1
navio,3,6
sonda,1,2
mineiro,19,1
venham,7,3
desafios,7,1
passarão,3,3
calor,5,1
centavo,11,2
contas,21,12
empresa,48,15
engenharia,8,9
indicar,2,1
discutir,58,4
troca,11,10
saídas,2,1
retomada,21,5
otimismo,6,3
comunidade,18,13
tornou,6,5
retrato,5,1
tradicional,4,3
começando,11,4
niterói,4,3
senadora,56,2
gleisi,56,2
hoffmann,57,2
reafirma,6,3
cassados,1,4
garante,18,14
registrado,8,2
torna,5,8
consumidor,5,8
melhora,8,6
interação,1,1
imenso,7,4
falou,37,19
trazer,50,12
olimpíada,9,2
colocou,25,9
quis,18,3
absolvição,8,2
ética,10,12
crianças,41,47
presas,4,1
humilha,1,2
vicepresidente,37,4
americano,9,7
embraer,6,4
construída,9,2
décadas,15,32
roubava,2,3
tira,14,2
roubou,18,1
funcionar,5,1
prejudicando,4,1
casagrande,1,1
ataques,8,12
jaques,17,1
falava,19,2
identificado,1,5
elegemos,15,1
suspendeu,2,5
existiu,6,1
cuidam,1,1
criar,87,18
saudável,6,5
conteúdo,23,6
nove,12,1
governadores,18,13
apartamento,61,1
características,5,2
peru,5,7
dúvidas,8,4
engajamento,1,2
sergio,14,2
atuação,11,17
parcial,6,1
teoria,5,1
domínio,4,1
utilizada,3,2
moderna,2,1
baseada,10,1
marco,16,12
regulatório,2,1
organizações,5,4
civil,11,16
pontos,13,26
índices,1,7
morrem,2,3
passaram,30,3
marielle,19,1
franco,19,1
motorista,5,2
merecem,3,4
baixar,15,2
quartafeira,29,6
belém,7,5
fizesse,7,1
descer,1,1
promoveram,4,1
centrooeste,7,6
iguais,15,10
ambos,7,4
igreja,11,2
viver,63,4
barra,4,13
máquina,13,15
reviraram,10,1
acharam,38,2
achando,13,1
estranho,8,2
cadê,8,4
ligado,1,5
flavio,1,1
atrás,27,10
medidas,20,33
terminar,15,2
chegam,14,6
matriz,11,1
tanta,26,4
luis,4,5
pastel,2,2
banca,1,1
estação,17,2
shopping,14,4
árabe,3,3
mostrar,68,15
ideias,43,19
conquistar,21,2
dutra,9,2
milhares,54,18
gerados,3,9
recuperação,6,19
from,1,8
entrou,13,2
presente,29,25
ficaram,10,1
batendo,7,5
vontade,57,15
prejuízo,8,8
familiares,18,21
produtos,17,31
alimento,8,2
terceiro,10,4
cristo,2,5
querer,27,11
progressista,13,1
conservador,3,3
importa,12,6
oposição,20,20
merval,2,4
pereira,11,5
eventos,3,4
ocorreram,3,1
mentirosa,6,3
acusação,39,2
resolvi,20,1
greve,26,5
queira,5,4
mentiu,17,2
valorizar,7,6
analisar,9,2
acompanha,6,6
maciel,1,1
exército,6,60
guerreiros,3,8
assinaram,5,2
mano,9,1
brown,4,1
márcia,7,1
benedita,2,1
enfrentamento,6,1
souza,9,1
carlos,23,33
rocha,13,3
covarde,4,5
twitter,17,26
padre,16,8
sacrifício,5,6
irresponsável,4,2
banana,6,2
golpista,25,3
lidera,21,5
impedida,4,1
debater,18,1
defendidas,1,2
velho,14,11
publico,1,1
coordenador,24,4
pena,28,18
considerar,2,2
aparece,13,1
duque,10,4
receita,7,8
trabalharmos,1,1
caro,12,6
lindbergh,9,2
felizes,8,3
ficha,6,2
deixarei,1,1
disto,1,1
pretexto,3,3
naquele,6,2
poucas,10,6
chances,4,2
sobreviver,4,1
produz,6,7
vivem,13,5
acostumando,2,2
trás,10,2
melhores,39,23
record,10,12
perca,16,1
obsessão,11,5
destino,13,15
irão,10,5
propondo,6,2
técnicos,4,8
quinto,3,1
denunciar,22,1
chile,13,15
autoriza,1,3
religiosa,2,1
relata,29,2
sobe,12,2
tirou,19,5
pesquisa,66,69
ouvia,6,1
ganhei,17,3
ministros,19,36
cantos,8,1
capaz,22,2
demonstram,2,2
cabe,10,7
lição,13,1
tolerância,6,5
cresceu,25,19
muitas,58,37
desempregados,12,10
sofre,10,6
podendo,1,4
sustento,2,2
aluguel,8,1
serve,6,2
renováveis,1,1
demonstração,6,3
abrir,29,10
portas,14,3
roubado,5,2
menino,15,1
irmãos,8,15
presos,5,23
quais,9,9
gramsci,1,1
entregue,9,4
ganhos,3,2
iorque,3,1
autossuficiência,1,2
preços,8,12
compatíveis,2,1
tereza,7,3
chance,24,9
fechar,12,1
confederação,12,7
unasul,15,5
descobrir,8,2
inteira,13,2
conto,5,6
acreditei,5,1
prevalece,4,1
vítimas,8,22
irresponsabilidade,14,5
imensa,7,1
dezenas,6,12
venceu,9,1
paciente,1,1
representantes,10,13
nesses,21,1
indicando,3,3
lista,15,13
frança,22,7
saibam,31,1
curioso,1,6
cassado,3,2
instância,20,5
vista,15,10
decidida,1,1
perdi,22,1
pertence,5,3
independentemente,4,5
gênero,6,13
negociam,4,1
prestar,21,2
enem,5,4
calma,3,2
vive,18,12
espalhar,13,1
presta,13,1
serviço,10,34
segundos,5,3
quatro,37,5
americanos,13,6
sofrendo,14,2
querendo,19,4
dedicar,8,2
cotidiano,2,1
ofende,3,7
dizerem,3,1
criança,37,20
café,16,9
diálogos,4,1
impacto,6,7
negra,27,1
morumbi,1,1
garanhuns,28,1
morreu,18,3
inferno,2,4
ameaçado,2,1
fronteira,9,3
uruguai,21,4
índice,7,14
alemanha,10,6
encontramos,4,3
correto,4,19
aprovado,18,9
segredo,1,2
gerem,3,2
esperar,18,6
perdemos,9,4
criação,27,16
brics,11,2
maduro,5,18
chego,6,2
conclusão,2,4
pacote,5,11
vota,21,5
votou,11,4
eleitores,12,11
votaram,6,3
testemunho,2,2
cientistas,3,2
ímpar,2,4
assegurar,6,3
cometido,22,3
públicas,45,15
representante,19,6
ocupou,3,1
espaço,17,15
deixamos,9,5
mentes,2,4
franklin,7,3
conteúdos,1,1
cinema,8,1
tiradentes,32,3
governa,21,2
inglaterra,16,1
espanha,9,6
itália,12,12
titulares,1,1
treinando,1,2
estrategicamente,1,1
orientação,4,2
governantes,13,3
enxerga,2,2
médio,25,9
finaliza,21,1
permitiu,6,2
resumo,3,15
gestão,13,15
pedro,10,12
trabalharam,5,1
implodir,1,1
combustíveis,5,3
caros,3,2
parado,7,1
reservas,6,3
investido,9,1
infraestrutura,12,35
candidaturas,6,1
propósito,3,3
avanços,10,12
baixada,5,2
fluminense,7,1
mauro,11,5
acontece,29,9
decidiram,9,1
maceió,6,2
alagoas,23,2
pacto,31,3
armadas,7,27
colocando,9,8
resistir,8,1
talvez,31,2
prometi,4,1
naquela,6,2
prêmios,3,2
consumo,17,7
entidades,5,5
nestes,5,5
encontros,3,1
reúne,20,1
enfrentar,40,2
honra,37,15
ferrovia,3,16
ligando,1,2
portos,1,30
pecém,1,1
combatendo,2,9
fortalecemos,6,1
órgãos,2,18
fiscalização,2,8
mandado,7,7
embora,23,1
preocupado,29,6
vizinho,3,1
engraçado,4,1
mortadela,1,4
redes,21,30
conduzida,2,2
reunião,49,34
petistas,5,5
vejo,30,2
grave,18,13
feitos,6,14
critério,6,3
critérios,2,7
frequência,1,1
escolar,15,7
vacinação,2,1
eficazes,1,1
agradece,29,6
mencionar,1,1
participo,5,3
viram,14,3
quebra,7,6
católica,2,2
manifestar,3,2
documentário,6,6
brazil,2,17
ananindeua,3,2
goiana,8,2
braços,9,4
abertos,2,4
roteiro,8,2
identificação,2,1
paraibano,5,1
menor,18,42
baiano,6,1
carvalho,16,4
acidente,5,1
equipe,11,31
colômbia,14,8
àqueles,6,1
punição,2,4
pernas,7,1
falará,5,3
representar,9,3
debates,13,5
corta,10,3
auxílio,2,2
soube,11,1
quantos,16,3
debaixo,10,1
chuva,12,2
estradas,3,8
conforto,2,3
précandidatura,21,1
acreditando,6,2
trabalhando,11,26
nobre,7,1
assentamentos,5,1
colocado,9,2
voltará,9,3
geraram,6,1
choque,8,4
redução,9,46
obras,35,42
paradas,10,2
pilares,2,3
constitucional,9,5
recorrer,5,3
considero,7,1
amazonas,18,9
prevê,3,11
exame,1,1
facebook,4,73
youtube,9,47
fique,10,2
vargas,11,3
artista,6,1
assumiu,5,2
trabalham,4,2
cabo,9,5
cheguei,33,1
bilhões,36,78
rever,5,2
menas,1,2
entendeu,7,2
indignado,11,1
refinarias,5,1
indústrias,6,3
batem,3,1
radio,3,1
fortaleza,29,13
vermelho,8,3
sofremos,1,1
pressão,13,6
homenagens,5,3
fidel,6,17
castro,8,9
cuba,10,29
viva,31,19
suicídio,1,2
catarina,24,13
novembro,8,11
florianópolis,12,2
boas,18,19
vindas,3,1
internacionais,29,25
michel,9,2
determinação,21,10
exige,14,3
garanta,2,1
candidatar,3,1
próximos,12,19
reconstrução,6,4
ridículo,1,2
estádio,6,1
destaca,17,3
coloca,15,10
necessidade,13,16
avanço,5,10
conservadora,6,5
soldados,2,9
coturno,1,1
falido,2,5
apresentando,6,1
funcionário,4,3
coletivo,19,1
tempos,25,15
comendo,4,2
preparado,18,3
apuração,5,3
tapete,6,1
mentiras,84,38
whatsapp,18,3
preocuparam,4,2
fará,7,10
valem,2,2
ajudando,6,2
venda,11,15
diálogo,18,9
tecnológico,9,3
felicidade,7,2
troco,6,1
realizações,1,6
feitas,16,3
importantes,22,19
ampliaram,3,1
creches,3,1
indígena,2,6
odebrecht,10,4
lavajato,3,16
bastidores,3,3
operação,14,26
esquemas,1,4
pagamento,6,17
propina,2,3
melhorias,2,4
delações,8,1
negociadas,2,1
desejou,5,1
específico,2,1
estrutura,6,8
centrosul,2,1
cearense,6,1
devido,7,14
legal,15,8
cadeia,26,28
buscar,5,6
votava,3,1
reeleito,3,1
criticou,5,1
manifesto,38,3
manipulação,6,2
jurídica,24,6
divulgação,3,6
mudança,30,19
voltamos,3,1
denúncias,26,2
compra,20,9
formatura,16,16
vírgula,1,1
errada,11,2
tranquilidade,19,1
conceição,4,2
significado,7,3
promoveu,6,2
china,19,32
assinam,11,2
ordem,14,19
imagem,18,11
arbitrária,9,1
dulce,2,1
elege,4,1
defeitos,6,2
parecido,3,1
preocupe,4,1
manifesta,6,2
derrubou,4,1
anuncia,12,11
bndes,16,17
melhoria,4,3
braga,3,1
assassinado,2,4
infeliz,2,1
seguiremos,4,4
ousou,6,1
poste,2,2
mataram,14,2
ideais,6,10
exatos,9,1
chanceler,3,5
merkel,1,2
prefiro,11,3
insistir,1,1
finais,5,2
terça,7,5
prazo,10,11
pretensão,2,1
dever,10,13
cumpriu,2,2
economista,7,7
fechado,4,2
cerveja,2,2
realizados,1,5
comemoração,8,3
aniversário,36,32
transmissão,26,5
assistir,5,14
marca,11,13
oficial,16,14
cruz,19,11
melhore,2,1
agrária,10,1
quilombolas,17,6
lauro,2,5
rousseff,30,10
juntaram,2,1
parciais,2,3
associar,2,2
intérprete,2,1
cueca,1,2
escreve,11,1
evitar,32,8
resolveu,16,2
lama,4,13
violam,2,1
ilustre,2,1
esperando,16,1
algumas,25,22
exministro,20,3
acessibilidade,2,3
inicia,6,2
agradecendo,17,1
presença,42,12
criticando,2,1
ignora,4,5
ator,12,4
promotor,7,2
socorro,10,2
mortais,1,1
emir,3,1
interessa,10,15
disposição,19,11
eleitor,13,7
domingos,2,4
proibindo,6,2
investimentos,33,59
garantia,22,12
prefeitos,15,9
opção,8,9
espera,4,3
uruguaio,3,1
eternas,1,1
gratidão,12,3
torcendo,5,1
afora,3,1
miséria,38,11
vereadora,3,1
inaugurou,3,2
muro,7,5
renata,5,1
divulgue,8,1
garantias,5,5
clientes,3,2
participantes,4,3
divisão,3,7
agiu,5,2
odeiam,10,1
abrimos,6,1
alunos,41,32
portais,6,2
senadores,16,15
teste,2,4
alemães,1,2
ibope,11,1
datafolha,11,14
estudantes,34,20
deputada,6,3
interno,9,2
bancos,26,9
públicos,24,28
diretrizes,4,4
professor,27,35
précandidata,3,2
senhores,2,7
param,2,5
aplausos,2,1
galera,2,1
resiste,9,1
diariamente,11,13
regiões,21,22
admiração,3,1
calorosa,4,2
ganhou,45,3
hospitais,3,14
resposta,22,18
transformar,25,10
decide,10,2
níveis,5,1
semelhantes,1,1
piores,4,5
contradiz,1,1
irregularidades,4,3
pagamentos,1,1
indevidos,1,2
lembro,33,4
ficando,8,4
bonito,10,1
encontrou,14,2
radialista,9,1
ficou,41,6
seis,28,4
apresentou,8,3
iria,19,3
militares,6,47
porquê,2,1
penso,8,1
expansão,10,6
suporta,5,2
admite,7,4
bons,6,13
vençam,1,1
farias,5,1
comissão,19,40
favelas,5,1
associação,10,9
pescadores,5,13
artesanais,1,2
combater,24,26
apresenta,12,10
lago,3,1
informese,2,1
fake,36,39
news,37,47
barbaridade,4,1
holanda,2,1
citou,2,1
liberdades,2,6
produzir,16,9
comportamento,14,4
alves,2,2
vivemos,21,10
tiraram,26,1
participação,41,16
novidade,7,12
cobertura,8,1
opinar,2,1
reunir,5,1
responsáveis,15,17
executar,2,2
atendimentos,2,8
ajudaram,9,2
salvar,14,3
vidas,11,13
fica,27,15
indo,9,4
mecanismo,3,1
existiria,6,1
mata,10,7
natura,1,1
caras,8,2
entregas,1,1
aprende,8,2
ativamente,1,1
intercâmbio,1,3
portugal,12,6
mandar,19,1
manobra,8,7
viagens,4,11
barco,5,8
território,7,10
ouviram,5,1
consciente,6,3
desafia,2,5
irmão,10,1
pague,4,1
impostos,15,40
contrariou,1,1
apagar,13,2
mentindo,19,7
cartório,1,2
algo,33,34
retirar,3,5
material,9,11
envio,2,3
segurança,25,139
finalmente,14,13
decidirão,1,1
senhor,20,23
economist,2,1
aceito,16,1
sacanagem,3,1
leva,14,9
dedicação,4,2
discussão,8,3
moleques,3,2
quebraram,2,2
brincadeira,6,4
poderiam,10,2
quebrar,8,5
criando,7,10
assustar,3,2
enganados,5,1
nazismo,5,9
grupos,12,13
fascistas,4,2
possam,20,9
prato,8,1
reestabelecer,2,1
aula,9,17
time,19,19
rápido,11,8
celular,17,5
acessar,2,3
link,4,37
chegará,3,4
oitavo,3,1
investigação,22,8
fundos,3,4
pensão,3,5
psdb,31,32
dupla,4,2
massa,11,14
trabalhos,2,10
saio,9,1
dita,4,4
falsa,10,12
desistir,16,1
contratar,3,3
aguenta,2,7
integra,1,1
entrevistas,10,3
fórum,11,11
canalhice,4,3
invadiram,9,1
chamada,11,6
punido,3,3
desempregado,8,1
participando,6,3
títulos,7,1
quixadá,16,2
relato,11,3
jardim,6,4
justamente,12,2
oriunda,1,1
trabalhadora,23,1
aumentando,6,10
incapaz,2,1
sequer,6,6
aliás,4,1
próprio,11,15
escrito,10,5
mostrei,2,1
camadas,2,2
beira,9,5
posto,8,3
fernandes,7,3
populismo,1,2
hitler,2,2
prometido,1,3
começam,9,4
nascem,5,1
assumir,26,4
lugares,17,12
acabam,6,1
encarando,1,1
critica,4,6
debatido,1,1
externa,9,8
devemos,14,16
preocupar,15,1
bloco,6,5
semanas,1,3
protestos,5,1
praticamente,5,7
dito,6,8
celebrar,4,1
ilegalmente,12,2
ginástica,3,1
lata,13,1
aguardando,4,6
deixaram,7,2
saudades,5,7
isenta,2,4
gerou,8,7
cobrar,13,8
pernambucano,16,3
seguirei,2,2
contribuinte,2,15
istoé,5,5
revista,21,26
publicou,5,4
começamos,20,3
incluindo,4,9
democráticas,8,2
regime,15,13
pedi,12,2
alimentando,2,1
reduziram,3,1
populares,12,5
rodrigues,5,1
fase,11,14
aceitei,7,1
voltei,8,2
desempenho,5,8
daquele,8,3
especial,27,34
destruído,3,2
votarem,7,1
ganhe,7,2
discutem,2,2
jogaram,5,1
tarefa,16,4
voluntário,3,2
filtro,1,1
sinto,16,5
avançado,5,1
sentido,14,14
retirada,6,4
medida,12,34
visa,2,10
possa,38,12
inelegível,6,4
acompanhado,9,3
regulamentar,2,2
inscrevase,4,11
canal,20,44
casco,2,1
duro,11,5
reconhecer,14,4
cair,15,2
campinas,9,5
pude,7,7
levantamento,2,8
bandeirantes,4,5
mostrou,13,6
cartas,14,4
escritas,1,1
injustamente,28,1
custe,2,1
custar,2,1
teresina,10,1
prevista,5,4
fenômeno,9,2
natureza,10,3
luís,13,7
maranhão,39,17
juntou,8,1
preocupada,9,2
caminhando,4,5
longa,5,3
data,11,10
defendemos,4,8
estaremos,10,18
sobrinho,2,1
banda,4,7
sustentar,3,4
picuí,3,1
síria,1,1
invadido,2,2
fruto,6,4
levou,30,13
anseios,4,10
alvo,3,5
afeta,3,1
derrubaram,10,1
vetar,3,2
primeiras,9,5
campanhas,5,1
cana,7,2
faziam,3,1
pensavam,2,1
peão,4,6
gastou,15,3
aprovada,5,20
ajudará,1,2
cumprimento,9,11
renan,10,4
reformas,12,7
formas,5,6
secretário,9,19
palestras,9,2
comunidades,7,2
imediatamente,4,2
percebem,4,1
retorno,9,17
assumimos,3,2
tesouro,1,3
normal,11,3
decente,4,1
lima,12,2
entra,12,3
midiático,4,1
usada,3,3
fins,5,4
papa,20,3
danos,5,5
democracias,5,2
emergentes,2,2
aposentados,7,5
turma,14,6
paga,25,9
transição,3,7
sucesso,18,30
falo,12,6
legislativo,8,18
processar,5,1
recuperando,3,8
pensam,28,1
enganam,4,2
interpretações,2,1
fascismo,8,1
negar,13,1
pegaram,3,1
reduzindo,1,6
gastos,25,26
concessão,3,9
aposentadorias,2,2
benefícios,7,18
inss,2,15
tradição,5,3
coligações,4,2
indicação,5,16
convite,7,14
entendemos,7,1
importantíssimo,1,2
sustentação,2,2
economicismo,2,1
dignamente,4,1
judicial,28,7
compromissos,8,31
criminalização,9,2
homofobia,1,14
posam,1,1
trabalhadoras,9,1
inauguração,20,13
administração,6,5
avançou,3,1
fortalecimento,3,4
quadrilha,11,10
porém,4,4
gozando,1,1
pesquisadores,3,2
agradecem,2,9
restaurar,4,2
libertar,10,1
implantar,3,2
exploração,6,3
imaginou,5,1
imagina,10,3
paraguai,3,14
plana,3,1
organizados,2,1
assine,6,1
promovidos,1,1
gesto,9,3
seriedade,3,4
embarcar,3,3
aventura,4,1
interessados,1,3
graduações,1,1
sinta,1,1
lamber,3,1
botas,2,1
reais,15,10
assumi,9,1
banheiro,3,5
deixem,18,8
atividade,1,5
conhecido,8,8
delegado,12,2
falei,16,7
várias,11,10
lançaram,3,3
declaração,8,6
conjunta,2,1
responder,12,6
instrumento,14,1
trocaria,1,1
exterior,23,9
suíça,10,4
olho,24,7
oprimidos,2,1
perseguidas,1,1
pernambucanos,3,2
marcha,19,6
entregar,23,3
camisa,18,3
buscando,5,11
mariana,2,5
terreno,15,2
metros,10,2
palácio,22,9
planalto,27,9
amarela,4,1
marx,1,2
acusa,7,2
radicais,1,1
negociar,6,1
óbvio,7,3
argumento,9,2
comunicado,8,2
humilde,7,4
ameaçados,1,1
passam,4,4
escolha,15,9
momentos,22,9
zarattini,2,1
inteligência,22,21
americana,7,5
texto,10,10
morning,1,1
promovida,4,3
ruins,3,1
provação,3,1
envia,4,2
contem,8,6
sofridos,1,3
recurso,24,10
parlamento,8,8
dizemos,1,1
victor,1,1
trata,7,10
atuar,5,2
caos,2,21
defendendo,11,9
fragilidade,4,1
potência,3,1
duvidar,3,2
desmentem,3,3
estuda,4,4
estudam,1,1
recebidos,2,1
europa,20,4
compram,4,1
nuclear,1,4
preocupa,8,1
interessado,4,1
vazar,4,1
supremo,17,3
véspera,3,1
expectativa,8,7
varia,1,1
fiscal,9,6
oferecemos,1,3
valorização,9,5
luciano,4,5
huck,6,2
inteligente,7,5
queriam,40,1
sextafeira,17,12
invadida,1,1
policiais,6,39
armados,2,6
procuram,1,3
algum,23,21
monde,1,1
acredite,6,4
tire,5,29
próprias,2,7
conclusões,2,26
chama,18,11
virtual,1,2
trajetória,10,3
lutas,7,1
siga,13,8
capitão,1,26
troféu,2,1
campeão,9,9
sincera,1,1
nivaldo,6,1
feira,15,8
editora,2,1
lançou,4,8
vimos,8,2
coordenado,1,1
esther,1,3
legitimidade,8,3
reverter,6,2
timóteo,1,1
coronel,3,6
dará,7,9
liberar,1,2
entrada,5,11
simplesmente,7,7
avaliar,3,1
inviabilizando,1,1
depender,10,8
sobrevive,2,1
consultar,2,2
decidir,27,4
avança,5,4
evitou,3,2
bilhete,7,1
marido,10,1
harmonia,8,3
clima,19,3
entendimento,2,6
prioridades,4,7
jorge,5,8
continuará,4,5
virá,5,7
levam,2,3
correr,5,1
ensinado,1,1
invés,22,5
ensinar,6,3
tese,11,3
máxima,2,4
discursa,6,5
preparadas,3,1
inimigos,5,7
externos,2,3
youssef,2,2
oliveira,3,6
autoritarismo,2,1
comparar,5,1
sozinho,13,6
daria,2,1
quebramos,2,1
pinheiro,25,1
mito,4,3
venezuela,13,44
rota,2,3
maurício,3,1
clareza,7,1
decisões,20,7
econômicas,10,8
economistas,8,3
esporte,2,3
lgbt,9,9
mentiram,15,2
parem,9,4
mentir,19,17
esquece,4,4
provocar,5,1
artigo,26,6
custas,6,2
pesca,5,17
biodiesel,3,2
fechada,3,1
incomodado,4,2
construir,65,6
dezembro,9,13
marcou,5,1
assembleias,2,1
contratando,2,1
respondi,5,4
faria,16,4
leite,19,6
organizando,2,3
medalha,9,3
olimpíadas,19,4
rodada,1,5
oponentes,2,1
mudamos,4,1
principais,11,19
coloquem,5,1
obrigações,2,1
marina,12,6
bilhão,4,16
condomínio,3,5
branco,10,2
preto,6,13
negócio,9,2
através,11,8
evolução,9,8
imagine,5,7
solto,14,5
compartilhar,6,10
oficiais,2,15
adolfo,11,1
cpmf,1,6
feita,32,17
encerrado,5,5
acompanhando,5,8
novidades,3,4
passaporte,11,3
investidos,1,3
mostrando,6,9
parcialidade,11,3
criticam,5,6
periquito,3,1
passada,6,8
pátria,5,25
reação,3,4
potencial,7,18
conter,2,5
apoios,3,1
continuam,13,15
manifestações,12,12
pedem,18,1
parlamentares,16,30
invenção,3,1
digam,8,2
conversas,9,2
privadas,3,7
chegasse,6,1
veterinária,1,1
atendeu,4,1
tomou,10,1
jararaca,2,2
naturais,4,7
privatização,3,4
absolvido,7,3
firmes,4,10
lançado,6,5
correios,1,6
apanhar,4,1
máscara,3,1
caminhar,5,1
moeda,6,6
paris,16,4
reconhecido,10,8
injusto,8,2
poucos,14,22
elogios,1,1
fernandinho,1,1
beiramar,1,1
prosperidade,6,27
vivenciar,1,1
perde,12,5
históricos,6,3
sério,18,7
médico,23,8
batista,2,3
medicina,14,10
entregou,7,9
esperanças,8,1
liberou,1,11
antecipar,2,1
comporta,4,1
guarujá,24,3
tribo,3,1
surpresa,8,6
jogam,4,1
jogadores,5,1
clubes,1,2
hino,3,1
tocado,1,1
viola,4,1
escolheu,6,1
informar,3,7
faltando,3,4
telefone,6,4
rurais,13,6
fere,4,2
básica,6,5
gazeta,2,1
junta,4,1
comprovação,2,1
portavoz,6,6
língua,5,1
entende,4,3
sagrado,7,2
casas,20,11
covardia,2,7
nomes,8,15
alessandra,2,1
apoiam,4,6
caiu,11,13
consideravelmente,2,2
instante,6,2
evidente,2,1
reta,4,2
afastamento,2,4
hipocrisia,2,3
prestam,2,2
evoluir,2,8
levará,1,5
amarelo,1,2
diretores,8,1
institutos,16,2
santiago,4,4
homenagear,7,1
antônio,11,3
preparar,12,2
corredor,1,5
colégio,2,24
recepção,20,17
estadual,15,19
viemos,8,3
percurso,2,1
terminal,2,5
anunciar,6,3
conclui,3,1
índia,4,5
barbárie,3,2
natural,8,2
morro,2,2
sobretudo,25,2
chegue,4,2
valeu,7,28
passagem,14,25
planeta,8,2
mostrem,10,1
poxa,3,1
realização,3,4
livres,8,7
regras,7,8
determinado,7,2
roubaram,2,3
encontrálo,3,1
sinal,4,19
mercosul,12,13
anunciou,3,13
assiste,3,1
ameaçada,2,1
federação,12,5
cordeiro,1,2
plena,4,7
administrada,1,1
respeita,13,2
presunção,6,1
realmente,10,18
demos,10,5
cuja,2,2
simples,17,18
ferroviário,1,5
assinado,10,2
diversos,13,14
atores,3,2
moura,3,5
civilidade,1,1
trarão,1,2
mortes,1,9
ramos,8,1
formar,11,5
irrigação,4,3
débora,5,1
paschoal,1,2
aberta,5,4
intensificar,1,1
casal,1,3
ouvindo,10,3
sabíamos,1,2
quanta,2,4
acabaram,17,1
assinatura,1,2
construiu,12,1
reconhece,13,7
imagens,15,12
maneira,13,18
patrocinadores,1,1
riquezas,10,8
bater,17,3
palmas,9,2
duvidaram,1,1
determina,5,3
próximas,1,5
europeu,7,3
anulação,8,1
concordam,1,1
diminuímos,2,1
reuniões,4,11
gravando,3,3
incluiu,5,1
leiam,14,1
doar,3,3
floresta,8,4
riqueza,20,2
jaime,7,1
abandonada,2,1
hectares,2,1
perdão,3,1
racismo,2,6
lutamos,2,4
vindo,14,4
confio,9,3
falas,2,1
taxar,3,3
preservar,2,4
construindo,5,5
mudando,7,12
servidores,2,12
exato,2,1
sofreu,11,1
recomendação,8,2
promovendo,6,2
acre,17,5
preservando,1,3
contavam,2,1
rejeitar,2,2
executiva,11,1
consequências,11,6
juca,8,1
kfouri,5,1
gravado,5,1
reclama,5,2
salto,3,2
certamente,20,9
presentes,16,5
trabalhistas,12,1
causada,3,3
azar,2,1
pmdb,6,8
manipulando,2,1
enganaram,3,1
unicamp,1,1
anunciei,1,2
filiar,2,1
conjunto,11,20
enganar,6,10
insanidade,2,1
tratando,5,5
diversidade,11,5
perfeito,2,2
messias,1,8
pergunto,3,1
liga,3,5
anteriores,3,33
assumiram,1,1
repetir,9,1
envolvimento,1,5
desvio,5,4
ocorrido,2,14
ajuda,8,19
chamam,3,3
brilhante,4,12
voluntários,4,1
cuiabá,3,7
partes,2,5
garra,6,2
fundar,2,1
britânicos,1,1
questiona,5,4
apurar,3,3
eventuais,2,2
crimes,20,36
adiado,1,1
fraudes,1,25
resultados,4,18
tribunal,24,1
seguridade,1,1
voltadas,1,2
pistola,1,2
manifestantes,6,3
atingida,2,1
atividades,12,20
dólares,11,6
matéria,8,29
desmente,3,3
palestra,5,10
desenvolver,13,12
economicamente,3,2
fechou,5,3
nucleares,1,2
tensão,3,1
oriente,4,7
cartel,4,2
junior,1,1
proteção,9,11
seguirá,2,2
atentado,14,13
unem,4,1
restrito,3,1
mantido,7,3
discussões,2,1
diárias,1,3
barreiras,1,1
persegue,1,2
incluídos,3,1
infantil,11,3
ativista,8,5
adiantar,1,1
ritmo,2,5
exportações,3,9
exclusiva,12,8
exdiretor,5,1
presídio,2,1
indulto,3,3
quantidade,14,4
fiscalizar,1,2
mídias,1,3
nordestinos,8,4
mentiroso,12,6
rumos,4,16
ficaria,3,1
luxo,2,1
vídeos,7,12
preferem,1,1
inventar,15,2
município,12,10
topo,2,4
reconhecendo,2,2
resolução,1,5
grau,4,3
andré,15,9
miriam,6,2
gilberto,11,1
responde,12,6
calheiros,3,3
criticar,4,7
contando,10,1
transforma,1,1
peça,10,1
vergonhosa,3,3
aceitou,12,2
condolências,6,3
rossi,1,1
presídios,4,7
tentado,3,2
fogão,6,1
dólar,4,3
faustão,3,1
perseguem,3,1
cristina,6,3
enviada,8,2
trágico,3,3
admiradores,3,2
paraíso,8,6
jequitinhonha,21,1
estaduais,4,4
governabilidade,3,15
agredir,1,1
senhora,9,8
tirando,13,6
começava,3,1
site,24,11
obstáculo,1,3
denunciava,1,1
mensagens,11,6
fraco,7,2
mato,11,14
serviços,6,50
comentário,2,6
completo,12,6
seleção,10,1
rica,13,2
responsabiliza,1,1
flávio,6,14
dino,5,1
justa,10,6
jurídico,9,1
exemplar,2,1
italiano,14,6
impõe,1,2
alíquota,1,3
boca,8,4
compreensão,5,2
defendem,9,6
opositores,1,2
destrói,4,6
dágua,6,1
felipe,4,8
trajano,5,1
exportador,12,1
barata,4,3
membro,4,5
produções,1,1
maravilha,4,2
excelentíssimo,1,2
sustentabilidade,2,3
estudos,3,14
curto,3,11
levamos,7,2
tomadas,4,7
madrugada,3,1
tomada,1,1
velhos,2,4
devendo,3,2
cantar,5,1
coloquei,3,2
série,10,19
absurdo,14,9
acompanhou,2,2
modelo,9,20
sigla,1,1
descoberto,5,1
cabelo,2,2
japonês,1,7
leonardo,9,2
quintasfeiras,2,2
petista,10,15
valente,7,1
ibama,1,6
atacada,1,1
pedras,5,1
formam,2,1
corrente,1,5
tratase,1,4
ótimo,8,6
refém,14,4
exercícios,3,1
usando,8,11
pontapé,1,2
inicial,3,10
negou,4,3
rodrigo,5,6
apoiou,2,2
apoiaram,3,1
educacional,5,3
perguntas,10,5
sorri,1,1
deixei,9,2
vitor,2,3
supera,1,3
revela,2,7
tentou,9,6
privado,12,6
entendem,5,1
fiquem,12,11
adora,2,1
aproveita,3,1
inspira,7,1
levanta,8,1
espalhadas,1,4
plantão,2,1
boatos,10,2
pediria,6,1
asilo,5,3
usaram,4,2
doença,13,1
impediremos,1,1
esvaziamento,1,1
dispõe,1,1
bemestar,1,2
créditos,1,1
imparcialidade,8,2
arena,3,2
fonte,1,12
microfone,5,2
formada,4,2
regional,8,7
comercialização,1,2
extremo,1,1
desespero,5,15
aprovar,14,5
sentindo,4,1
araçuaí,14,1
nazista,1,2
permitiremos,1,1
lembrem,3,1
atentamente,3,1
ausência,10,5
preparação,1,1
falamos,5,23
lutam,10,2
sigo,4,3
desembargadores,2,1
acusam,4,8
live,2,87
igrejas,1,2
causou,5,3
repudiam,2,1
sangue,5,3
status,3,1
biografia,5,1
condena,4,3
craque,3,1
rápida,4,6
limoeiro,2,1
pioneiras,1,1
feminino,1,3
perdem,3,1
assunto,7,16
implementadas,1,1
episódios,5,1
teto,15,3
aloísio,3,1
respondem,2,2
usem,1,1
atualização,1,1
execução,2,3
antecipada,3,3
tais,3,5
julgados,2,1
organizem,1,1
cubano,4,5
reduz,3,6
aldeia,1,2
plantas,1,3
medicinais,1,1
foge,4,3
direta,6,2
perdas,1,2
esqueceram,6,2
evangélicos,1,1
diminuiu,2,2
distribuir,8,1
endividamento,1,1
envolvendo,4,11
inocentes,9,16
liberem,1,1
altos,7,4
fundação,10,3
avançar,5,8
objetivos,3,9
encarnação,1,1
placas,1,4
prevaleçam,1,1
quebrados,2,1
ativos,5,3
prontos,2,2
recupera,3,4
ministra,8,15
planejamento,1,4
tirarem,2,1
trilhões,3,1
imperador,3,4
crítico,5,3
promovido,7,1
buenos,7,5
aires,7,4
chefes,3,11
preconceitos,4,1
heróis,5,6
cenários,3,1
impeça,1,1
concentração,10,1
descansaremos,1,1
leis,13,33
acontecerá,5,2
virtude,3,1
corrigir,7,2
dialogar,8,1
agir,4,6
macron,3,4
fingir,2,1
nacionalista,3,1
encontra,11,4
estabilidade,5,2
municípios,11,40
vanguarda,1,1
raul,2,4
libertadores,2,2
registra,3,4
penal,6,20
desprovida,2,1
suporte,1,3
identificar,2,6
recebendo,9,13
alvorada,7,9
exteriores,5,18
embaixo,4,1
braço,3,2
saia,5,2
carregar,2,1
sabedoria,6,5
culminou,5,1
decorrente,1,6
milagre,10,2
difíceis,16,1
demonstrando,2,2
avaliado,2,1
velha,4,7
adeus,2,1
indignação,9,3
lembram,11,1
assinou,11,2
medíocre,3,2
humana,7,1
bandido,7,13
decidiu,9,7
cariacica,7,2
detalhes,3,39
possibilidades,3,3
necessita,1,1
aumenta,8,9
absurda,7,2
caminhoneiros,2,13
andrade,11,6
embaixadores,1,4
valorizou,1,1
qualificação,2,5
docente,1,3
decisivos,1,1
omissão,1,4
vitalícia,1,2
afetados,1,5
reforçar,7,2
vivam,1,1
investindo,5,2
confesso,4,5
submissão,5,1
prendam,3,1
continuarão,1,3
demandas,2,9
respeitadas,1,1
clipe,2,2
homossexuais,1,6
professora,7,12
esposa,5,18
investigado,6,1
doação,4,1
utilização,2,14
perfis,1,10
falsos,1,5
irregular,2,1
cadastros,1,1
usuários,1,7
vazado,3,1
sensação,4,4
probabilidade,2,1
campeonato,3,1
desfilam,1,1
superar,5,3
conjuntura,4,2
mecânicos,1,1
corpus,11,1
ocorre,5,2
capitais,3,3
sagradas,1,1
instituição,15,3
restabelecer,5,2
impor,5,4
eliminar,2,3
aliados,4,5
contrário,19,23
digna,10,1
assassinados,3,4
cantor,6,2
transformasse,1,1
efetivo,2,1
consolidar,6,1
pessoalmente,4,3
ciclo,6,7
assumo,2,1
comemorar,7,1
encarceramento,3,1
condenados,3,3
cortou,3,1
cristão,1,4
desmonta,3,1
aponta,8,6
piorar,5,1
dominar,1,3
charles,2,1
lojas,8,2
précampanha,3,1
considerada,4,1
ansioso,3,2
ações,16,46
ganhará,1,1
assistindo,5,5
efeitos,4,6
vigor,3,1
ideológicas,1,7
histeria,1,1
atitudes,2,8
imóvel,8,1
lamento,3,9
diminuíram,1,2
siganos,1,1
vários,17,16
minoria,3,4
parabeniza,2,3
manifestante,2,1
necessitados,5,7
carentes,3,3
possamos,5,12
produtivo,2,3
importar,7,2
marmita,2,3
donos,9,3
palmeiras,2,7
palmeirense,1,2
produtores,10,21
polícias,3,5
décimo,2,2
profissionalismo,1,1
civilizado,4,1
montou,2,3
pense,5,1
perseguidos,3,1
ayrton,1,1
colocada,2,1
denuncie,5,1
fevereiro,6,12
interessava,4,1
representava,2,1
gosto,24,3
português,7,7
ficamos,2,1
continuarem,3,2
filipe,3,4
inspirado,3,1
ideológica,2,29
prol,5,29
autoridades,14,14
insegurança,2,2
encher,6,2
enchem,1,2
girar,13,1
protesto,8,3
perdido,2,1
gratuito,3,1
desconto,1,1
greves,9,3
funcionários,13,6
conde,3,2
nele,8,4
deseja,10,1
comerciantes,10,1
referendo,11,3
inviabiliza,1,1
isolado,5,1
entendo,4,1
ascensão,16,1
números,2,13
stands,1,1
preservação,3,13
chorar,4,3
renovação,3,5
richard,2,2
secretáriogeral,4,1
george,5,1
profundas,2,2
atentos,3,1
jatinho,1,1
penha,10,1
levada,1,1
tenta,8,17
tratados,21,7
marechal,5,2
deodoro,5,1
disparos,2,1
atirador,1,1
preta,3,7
ligue,2,1
ligação,5,12
gratuita,4,3
referente,1,2
herói,5,11
banho,3,1
mandando,3,1
confundir,4,2
soltos,2,5
incompetentes,2,1
dória,9,1
capacitação,2,1
temas,4,35
tabu,2,1
saiam,4,1
armário,3,2
padroeira,1,1
paróquia,2,2
ângela,3,1
rodriguez,1,1
global,4,6
abuso,4,4
guilherme,11,2
previsto,4,13
finalidade,2,2
abram,1,1
manifestando,2,1
cabra,1,1
lembrança,3,2
azevedo,4,3
anunciando,4,1
comum,5,6
princípio,4,6
garantam,2,1
dormirem,1,1
hugo,2,4
passageiros,2,4
mantendo,3,1
concordo,1,2
chamei,5,1
perguntei,6,3
postura,3,6
períodos,1,2
pessoais,2,7
definir,6,1
tentarem,3,1
avaliou,1,2
forçatarefa,6,3
roda,5,4
lucram,1,1
aquisição,4,9
mera,6,3
casos,3,5
investigados,4,2
receberá,7,2
beneficiam,2,1
socialista,4,11
barro,2,1
testados,1,1
necessários,2,4
gustavo,3,10
assembleia,4,1
toma,8,5
posição,14,22
recente,3,4
atuam,2,3
prendeu,3,1
ofendendo,2,1
emocionado,7,3
ofereceu,4,1
bolsas,4,5
inventam,7,1
militante,4,13
comemorase,1,1
defensores,2,2
inglês,16,2
alemão,8,2
notem,1,2
lançadas,1,1
suspeita,1,2
estragos,1,5
marquinhos,1,1
açougue,1,2
eterna,6,2
provocação,5,1
chapecó,8,2
bando,10,4
recuperou,4,1
apoiarem,1,2
autorização,4,7
entendam,3,1
verdadeira,18,17
anular,5,1
análise,9,16
habitantes,7,3
cassar,7,2
licença,4,6
tragédia,4,3
esclarecimento,2,3
limpo,5,1
explosão,1,2
tarefas,5,1
aumentamos,5,1
acharem,5,1
ambiental,5,18
saudáveis,2,3
gira,3,2
matou,2,2
fraude,5,6
cortando,13,4
esperam,2,2
fina,1,1
faltar,12,1
semanal,2,6
matando,2,1
matam,1,1
equador,6,4
derrota,11,7
analfabetismo,3,2
aproxima,5,3
pânico,5,4
usam,7,5
álcool,5,1
tornam,1,3
acidentes,1,1
queimaduras,1,2
proibir,4,4
semelhanças,1,1
exportação,2,9
assina,3,2
primo,1,1
acordos,2,22
básico,6,3
graduação,3,2
saneamento,4,2
indicam,1,3
cargos,2,16
impressão,5,4
honestas,1,1
derrotando,1,1
império,4,1
cobrando,4,1
diria,4,1
chacina,1,1
ídolo,2,5
mentirosos,1,4
demorando,1,1
usarem,1,1
ongs,1,13
mostraram,3,1
saques,3,1
formandos,3,6
subiram,2,1
escala,7,5
continuem,11,4
exatamente,8,7
questionado,2,3
imediata,3,5
águas,19,3
ampla,4,6
representando,4,4
burlar,1,2
inaceitável,3,1
prévia,1,5
ganhando,7,5
bola,6,4
cristal,1,3
vazamentos,5,1
apontam,4,8
composição,2,1
audiência,5,20
desejo,6,14
virando,5,2
normas,2,5
inspiração,4,2
comecem,1,1
preocupações,2,1
sofrem,3,6
aprisiona,4,1
sentir,15,9
agreste,2,3
legais,4,5
plenos,1,1
pulmões,1,1
símbolos,1,4
malandro,3,1
considerações,1,2
vivos,3,2
nivelar,1,1
bandeiras,8,4
apagou,1,10
desgoverno,3,3
espaços,3,1
filósofa,2,1
escritora,2,1
partidária,4,5
acabo,5,3
leilão,2,13
raquel,1,2
chamaram,4,1
liminar,13,3
concedida,8,6
liberado,2,3
baseado,7,2
férias,13,5
geografia,2,1
alicerces,1,1
consigo,8,5
apoiada,2,1
apoiado,4,3
conversado,1,2
beneficiados,6,4
perdendo,7,3
profissional,11,10
berlim,5,2
formação,14,13
analfabeto,10,1
intelectual,9,4
sociologia,3,1
convocação,3,1
provisória,4,10
incentivos,1,3
fiscais,1,2
voltam,5,3
ilegítimo,13,1
atuou,2,1
deixado,3,2
compreender,15,1
pagos,2,6
menores,5,11
comprova,4,2
acusar,6,3
insistem,1,5
indescritível,2,1
mineirinho,1,1
viverem,2,2
burros,1,4
motocicleta,3,1
concreta,4,1
divisa,2,4
baile,1,1
ideológico,2,13
cadeias,1,1
cobrem,1,1
continuaremos,5,2
stédile,3,1
moreira,2,1
manoel,6,1
inventando,3,3
estrela,8,1
paralisação,2,1
serviu,2,2
perseguida,2,1
procurando,7,3
damos,2,3
barbaridades,1,2
departamento,3,1
aparecer,5,1
renovável,2,1
mantida,4,3
homologação,3,2
doutora,10,1
médica,7,6
engenheira,1,1
esquecidos,3,1
tirania,1,2
privatizada,2,1
preocupados,13,3
batalha,13,4
derrotados,3,1
confiante,3,2
caminhos,5,8
substituído,1,1
visitálo,4,2
ocorreu,6,3
leitura,13,7
vergonhoso,1,1
entretanto,2,2
ataque,11,4
universal,2,1
promove,6,2
institucional,4,6
cancelamento,1,1
indispensável,1,1
réus,2,2
discutimos,4,4
veículos,4,19
informação,20,23
unida,6,2
bunda,1,2
sensibilidade,4,2
esquema,4,8
bananas,2,3
decreto,5,28
reparação,1,1
pesadelo,2,1
poderes,8,20
executivo,6,22
proibida,3,2
pega,6,2
colaboradores,2,1
midiática,4,1
lançada,1,4
alimentação,7,4
controle,9,32
dominação,2,1
econômicos,5,5
fontes,1,9
diversificadas,1,1
independentes,2,4
pretendo,8,1
manipulado,2,1
transportes,1,7
terrestres,1,1
prejuízos,3,3
queda,4,28
rapidamente,2,9
flagrante,2,2
agressão,3,5
repetida,2,3
constituem,1,1
continuados,1,1
respondendo,2,1
reforçando,3,1
procedimentos,5,3
jurídicos,6,1
sensacional,1,2
totalmente,5,8
engenheiros,6,2
conferência,5,5
pombo,2,1
neles,3,2
escolhido,2,2
pastor,5,2
politizar,2,1
integrada,2,2
soberana,7,1
interesse,15,32
ultrapassa,2,1
assinaturas,2,3
adesão,2,5
margem,5,2
acertos,3,1
amarras,1,6
tolerantes,1,2
diferenças,7,1
diretor,9,10
universitários,18,13
aprovaram,3,1
frágeis,5,2
garantido,5,1
arrecadação,8,3
urgentes,2,2
ferramenta,1,6
alavancar,2,2
previsibilidade,4,2
celebração,2,5
desconstrução,2,1
iniciativa,5,23
produzida,4,1
apagão,3,2
cheira,3,1
orgulha,2,2
financiar,9,3
organizador,2,1
tratamento,9,17
parceiro,2,2
receptividade,1,3
desconsiderar,2,1
exigência,1,3
civis,7,7
limite,2,10
oriundo,1,3
curso,19,6
federativo,2,1
cavalo,3,2
punir,3,2
doutrina,1,2
divulgadas,2,1
trataram,5,1
juntar,7,1
sofrido,4,3
organizada,2,4
falso,3,3
interferir,2,1
defendeu,8,1
suposta,3,1
prisioneiro,4,1
apareça,3,1
preparada,6,1
concedido,4,1
limpas,2,1
convicções,6,3
publicado,7,4
motivos,5,7
destruam,5,1
navios,8,5
coreia,5,6
jogado,4,1
mineiros,2,1
respeitam,3,2
ditador,2,15
chileno,2,2
augusto,3,5
politicamente,9,21
arte,8,4
vejam,4,5
alexandre,8,4
assessoria,2,5
declarações,6,3
arrumou,2,1
absolver,6,1
tantas,9,6
alegrers,1,2
unirmos,1,1
apaixonado,1,1
consideração,1,134
famoso,5,1
portanto,7,3
atendimento,4,11
emergência,2,1
espontânea,2,9
discute,3,2
racional,1,1
tentamos,2,2
ásia,2,8
simultaneamente,2,1
reflita,1,3
negativa,1,3
viviam,4,1
empenho,3,11
précandidatos,2,2
ameaças,4,7
monte,8,4
diplomas,1,1
saudando,4,1
escândalos,1,4
condução,5,1
estariam,3,5
entro,1,1
arma,17,32
desfazer,14,9
modesto,2,1
horário,2,11
claros,12,1
requer,1,3
exclusivo,1,2
remédio,1,5
alegação,2,1
humanitária,2,3
visitas,4,5
episódio,4,3
retribuindo,1,1
gentileza,1,2
austrália,1,4
contrabando,1,3
dividir,2,10
indicado,1,5
inacreditável,2,10
piloto,2,6
bomba,5,2
viaduto,5,1
enfiaram,1,1
enviaram,3,1
busque,1,1
ficava,7,1
macaé,1,1
villa,2,7
reduzidos,1,2
piora,5,1
recessão,2,2
mulherada,1,1
caminhadas,3,1
liguei,3,2
sujeito,3,3
antonio,10,11
homenageados,1,1
sindicalistas,14,1
falado,4,4
otto,2,1
restaurantes,1,1
municipal,12,7
termo,3,2
tratei,1,1
reduzimos,1,2
posta,1,4
apreciada,1,1
plenário,4,8
nela,4,2
suspensão,4,6
atacado,6,1
sexta,8,4
fiesp,2,3
eficiente,7,6
rentável,1,2
discutindo,10,2
estratégias,3,3
abertamente,1,4
acreditam,5,3
jantar,7,7
aderiram,1,4
lutador,1,1
bandidos,2,26
celebrando,1,4
acadêmico,1,2
mackenzie,2,2
devolveu,2,2
araújo,5,7
protocolam,2,1
efeito,5,3
anúncio,3,6
emoção,12,3
condeno,1,2
previamente,1,1
falecimento,9,2
canais,2,7
exposição,1,6
sebastião,6,2
salgado,3,2
ganância,3,1
dedicam,1,1
subindo,6,2
rampa,4,1
constrói,4,5
sujo,1,5
pedimos,2,3
restauração,1,1
soltura,3,1
claramente,6,2
online,2,7
conectar,1,1
ótica,1,1
satélite,2,3
conexão,2,6
porte,1,12
isolados,2,3
espalhando,3,5
talento,2,4
odeia,3,1
ferreira,8,2
apareceram,2,2
tornem,1,1
alcântara,5,9
tolos,2,1
viaja,2,1
desinformação,1,20
gaúchos,2,1
pronunciamento,3,9
explicado,1,1
repulsa,1,1
perigoso,1,3
macular,1,1
pudessem,5,1
cheia,7,1
esperamos,3,7
magno,1,4
dimensão,4,1
rodolfo,1,1
antiga,2,2
forró,1,1
quadro,4,10
pulso,2,1
escândalo,5,3
maia,5,2
desejada,1,1
muda,9,7
mobilidade,2,1
lamentável,6,12
sindicatos,7,1
oriundos,1,8
invasão,1,2
química,3,3
deficitária,5,1
lucro,7,4
errou,4,1
dura,9,5
dependesse,4,1
cobrada,1,2
aluno,8,7
portal,8,1
devo,7,6
entregamos,3,5
quebrou,3,1
molecada,4,7
prometendo,2,1
deixam,4,8
revistas,6,4
beneficiaram,3,1
higiênico,3,1
reclamando,4,1
contratos,2,14
terceiros,1,3
crença,5,2
américas,1,2
branca,3,1
washington,3,6
abraham,1,3
organizado,5,23
ciências,4,5
haver,5,2
pagam,6,3
voltem,8,2
prevaleça,3,1
ocasião,2,8
saindo,3,6
berço,7,1
contratação,1,6
desculpem,1,2
convidados,2,3
ligados,1,6
padrão,3,15
carregado,1,2
viveram,2,1
falaram,7,2
desnecessário,1,1
aluguéis,1,1
escrita,2,5
solidarizo,1,2
seguidores,2,9
religiões,3,2
agência,7,11
taça,1,1
oração,2,2
achou,8,1
tranquilamente,3,3
censuram,1,1
acontecido,2,1
intervenção,7,6
incapacidade,2,1
sergipano,3,1
nisso,5,4
prédios,3,2
privatizações,2,8
aprofundar,2,4
neymar,4,1
ronaldo,2,2
desaparecidos,1,3
apareçam,2,1
diabo,4,1
carinhoso,2,1
garantiu,2,1
legalização,1,6
votaria,1,3
vinda,6,2
admira,3,1
processa,5,1
sentem,3,1
clube,5,3
progressão,3,2
inimigo,9,8
inveja,3,1
pretendem,1,1
represento,4,1
juntas,4,4
divulgada,6,1
olhe,4,5
tiago,1,1
crer,2,1
caminhamos,2,2
veta,1,2
estadão,9,11
destaque,5,10
singapura,1,2
contam,7,2
insiste,3,3
sexuais,1,1
agradecimentos,2,5
familia,2,2
seguro,4,11
estudantil,3,2
frio,4,2
soma,11,3
esteira,2,1
roxo,3,1
presidenciáveis,4,3
band,4,6
confirmou,5,2
empregados,3,7
plataforma,6,2
caldo,1,2
presidenciais,5,9
sigilo,3,2
facistas,2,2
ocupações,7,1
proteger,3,4
previa,3,1
escrevi,1,2
retira,3,1
dada,5,8
venceremos,4,3
gravação,2,4
atingir,2,5
urgente,5,9
reserva,8,2
custeio,1,4
parecem,5,1
representaram,1,2
atendendo,5,13
fortes,10,10
expostos,1,1
desvios,5,6
imediato,2,10
inacabadas,2,3
tarcisio,4,1
transferir,2,1
garantimos,2,2
abaixo,5,2
conceder,6,2
registrada,5,2
inspeção,1,1
requião,2,1
lobão,2,3
abandono,5,7
roubados,1,1
centrodireita,1,1
coleta,2,1
seletiva,2,1
joana,1,2
pregando,1,3
dispostos,2,6
free,2,4
bruxelas,1,1
obrigatória,3,1
tirado,4,1
barrar,4,4
agindo,3,4
sinais,1,7
assombrar,1,1
imoral,3,1
aonde,1,3
defendo,10,9
planejar,1,1
membros,5,7
orgânicos,2,5
arrepende,1,2
secretária,6,3
ampliando,2,2
definitivamente,2,1
ustra,2,11
elogia,1,3
infundadas,3,1
respeitei,2,1
desmontada,1,3
transplantes,1,1
síntese,1,2
essência,2,10
beneficiários,2,6
apontado,2,1
acabem,4,1
responsabilidades,2,1
afinal,6,7
andam,2,1
reclamam,2,1
farão,3,4
discursos,7,6
citar,5,1
erundina,1,1
mundiais,6,4
solidarizaram,1,2
corpo,4,12
promessas,4,4
valentão,1,1
autoritário,3,2
informa,5,4
receberão,1,5
promoção,5,8
patrono,8,2
jogada,2,4
acordou,3,4
grêmio,1,2
representada,3,1
continuaram,1,1
destinamos,4,4
original,1,2
satisfeitos,1,1
reeleição,9,10
policiamento,1,2
ouviu,3,1
relativos,2,3
mensalão,2,18
normalidade,4,4
aquecer,1,2
continência,1,7
grandeza,13,2
negras,3,13
charge,3,3
laerte,7,1
s.paulo,4,1
etapa,10,4
aconteça,3,1
recebemos,5,7
testes,1,2
esfera,2,1
criminal,1,1
revelado,2,2
vazia,2,1
faca,1,1
leio,1,1
devolver,8,4
ovos,7,5
longe,11,15
reduziu,8,3
inverso,1,1
receberam,6,6
vereadores,5,11
representadas,3,1
ponta,4,5
resolvido,2,2
princípios,4,5
vêlo,4,1
contemplados,1,2
despesa,2,2
odiar,3,2
hipótese,2,2
mantêm,2,4
agentes,4,25
vizinhos,5,2
poderei,3,1
descansa,1,1
estrago,3,4
manteve,6,1
cumprida,3,8
diretorgeral,1,1
reiteram,1,1
repúdio,1,6
aconselho,1,1
movimentar,1,2
beleza,4,1
agendas,3,1
cassada,2,1
expandindo,2,1
litoral,1,5
guaíba,8,1
adequado,2,1
diplomática,2,1
depoimentos,12,1
visam,2,4
obter,3,2
colaboração,2,2
submetido,6,1
farei,2,5
democratas,5,1
votam,3,1
teme,3,2
irreparável,2,1
traz,6,18
diminuição,4,5
tributação,2,1
isento,3,2
trimestre,1,23
educado,2,1
inverter,3,2
carga,3,16
alcançado,2,3
punidos,2,2
chamase,2,4
salvando,2,1
rodovia,3,8
impede,4,5
causar,3,1
reforça,5,4
vícios,2,1
ouvidos,3,4
versão,7,1
importam,3,1
processam,3,1
chão,6,3
sentiram,2,1
aceitamos,3,2
pires,2,1
acadêmica,1,1
transferência,4,3
dependências,3,2
perez,3,1
artigos,6,2
trazendo,1,2
empregado,3,1
patrão,8,3
trabalha,7,19
cuidava,1,1
agredida,2,1
derrotado,5,3
colocarem,1,1
tentativa,12,28
gravou,2,1
inédito,8,2
aplaudido,3,2
anhembi,1,2
tente,3,1
impagável,2,1
definido,2,2
fecharam,2,1
reuni,4,4
reestruturação,1,2
hillary,1,1
lutou,4,4
sentimentos,5,5
carreiras,1,2
reajuste,4,4
pegue,2,2
ciro,10,5
lealdade,6,4
maternidade,1,1
mestre,1,3
acompanhem,1,1
esfacelado,1,2
lembrado,3,2
novelas,1,1
piada,2,10
usadas,3,2
momentaneamente,1,2
cria,6,20
visto,7,11
abandonadas,2,2
cultivo,1,3
dormir,10,4
estende,1,1
ceder,2,2
garantindo,4,3
prénatal,1,1
parto,1,1
impedidas,1,1
aparecem,3,2
sigam,2,10
tribuna,2,2
fluxo,2,5
rende,1,1
rebanho,1,1
escutar,1,2
alexandrino,1,2
prestaram,1,1
radical,7,5
percorrendo,2,2
relatório,5,1
juan,4,2
adotamos,4,1
combatam,2,1
tomei,8,4
levei,6,2
drasticamente,2,1
juntamente,1,9
eixo,8,3
pressa,4,2
fronteiras,7,5
montado,1,2
artes,2,2
rosário,4,22
apoia,4,3
joaquim,3,2
barbosa,3,2
proíbe,2,3
divulgar,4,7
gerações,4,7
fundamentais,3,7
dissemos,2,4
identifica,1,1
táticas,2,2
caminhões,3,9
focado,2,2
concurso,3,7
levo,1,1
convenções,3,1
maranhense,2,1
solidariza,1,2
mtst,2,3
psol,7,99
braçada,1,1
comunista,7,14
européia,1,2
sertanejo,3,2
links,1,1
invenções,2,3
difamar,2,1
contrária,2,2
david,2,2
atrapalhar,2,2
multa,4,3
inclui,4,5
ameaçam,2,3
passe,3,2
brumadinho,1,6
barragens,4,3
decorrência,2,3
reivindicações,4,3
críticas,5,7
continuarei,1,1
obtido,1,1
liberta,1,1
protótipo,1,1
fracasso,4,2
aliviar,1,3
criticados,2,1
republicano,8,2
fabricar,5,1
amplo,2,1
renato,4,3
falavam,3,1
demônio,1,1
aplicado,1,3
arrecadado,1,2
ultimamente,1,1
desqualificar,1,3
visível,2,1
aguardo,2,5
cheque,1,7
legítimo,3,5
obedecer,1,2
possibilitou,2,2
bolsistas,2,2
privada,4,24
resolveram,5,2
ligações,2,1
democrata,9,1
torce,1,2
crie,7,1
necessitam,3,3
frequenta,1,1
recebiam,3,1
baratos,1,2
tabaré,1,1
vázquez,1,1
auxiliadora,1,1
delgado,1,1
biológico,1,1
aceita,16,6
explicações,1,1
davos,3,8
cartão,2,3
postal,1,1
hein,1,4
boechat,1,3
legitimamente,3,1
lisboa,2,1
tirava,2,1
bastante,2,3
jogue,1,1
apresentador,3,2
travestida,1,1
carente,1,1
eleitos,8,4
propõe,5,8
privilégios,6,2
manutenção,7,15
interessada,1,1
desestabilizar,2,2
alfabetização,1,2
globonews,3,2
grita,6,1
lira,1,1
autor,4,11
foco,2,19
incineração,1,1
sustentável,2,10
fortemente,2,1
invasores,1,1
desenvolve,1,4
aborto,3,14
rejeição,5,3
europeus,2,3
tradução,1,3
intolerantes,1,4
boletim,3,3
ecológico,1,2
suficientes,2,2
ofensas,4,2
brigada,1,5
jogou,5,1
jogos,6,5
criatividade,1,1
podese,1,1
prof.,1,3
álbum,1,1
faculdades,4,8
trabalhamos,1,6
sabotar,2,1
inventa,2,1
circular,1,1
fecha,1,3
expressa,1,1
marcar,7,1
formado,2,4
menção,3,11
matavam,2,1
colônia,6,4
céus,1,1
recebo,2,6
impulsionando,1,1
produtiva,2,6
especialistas,3,13
observa,3,1
desejos,3,1
partidário,2,5
laura,2,3
futuras,1,3
paguei,3,1
chamem,1,1
caíram,2,3
bilaterais,1,2
empregar,1,1
regulamentação,2,2
escravo,3,1
recebam,4,2
frutos,2,4
aplicação,1,13
possíveis,3,14
iniciou,5,1
revolucionária,1,1
descaso,2,4
noblat,4,1
consigam,1,1
terminado,3,2
apreendido,1,4
baixos,2,2
sono,3,1
avaliação,2,1
positiva,1,2
tendência,2,3
custo,6,34
exclusão,2,2
debatendo,4,1
acerta,3,1
escravizado,2,1
entregues,2,3
cardoso,1,1
fornecer,1,2
comitiva,3,4
inteligentes,2,3
cometidas,4,1
peças,1,1
voltassem,1,1
parcerias,1,7
infância,2,6
destinados,1,5
contrários,1,1
pacífico,2,2
idiomas,1,1
figura,10,1
biocombustíveis,1,3
fertilizantes,1,2
participações,1,1
surge,2,4
libera,1,6
criminosos,1,17
influenciar,4,1
dança,3,3
comerciais,1,12
perfil,2,4
enfrentando,6,2
viés,2,14
complô,1,1
autônoma,1,1
motivações,1,1
sexo,1,13
gravar,2,1
face,4,6
eventual,2,1
convoca,7,2
escolheram,4,2
comprometidos,3,3
frango,4,3
semelhante,1,1
páginas,11,6
estarem,1,2
sapato,1,1
queimando,4,1
difamação,1,1
obtidos,1,2
farinha,3,1
filtrar,1,1
verde,3,14
contradição,2,1
sofro,1,1
esforços,1,8
adiante,1,34
declaram,1,1
aliviado,1,1
weber,1,1
reuniuse,1,1
representação,3,8
atribuem,2,1
reagir,7,3
esclarecendo,1,1
murilo,1,1
bárbaro,2,1
define,1,4
iludir,1,1
partida,4,4
esperávamos,1,2
coincidência,3,5
criativo,1,1
aconteçam,1,2
azul,1,2
loucura,3,1
citada,2,1
other,1,1
american,2,2
gastando,4,1
consolidação,1,1
soares,4,2
financiando,1,3
reciclagem,2,1
milícias,1,1
digitais,1,2
curral,2,1
bela,3,1
leitão,5,6
abrirá,1,1
conversaremos,1,1
roubam,1,1
fórmula,3,3
conspiração,1,3
fecham,2,2
plenamente,3,1
genoíno,1,6
dirceu,1,11
defendi,2,3
suprir,2,1
necessidades,3,2
mensal,1,2
existiam,1,1
suzano,1,1
integrantes,3,5
ocorrerá,2,1
filósofo,2,2
entrarão,1,1
flores,5,2
favores,2,1
marcando,2,1
eficaz,1,3
trará,1,5
recentemente,2,5
dificultar,2,1
assuntos,6,38
haveria,3,1
suspeitos,1,6
clinton,3,1
blair,1,1
precise,1,1
diplomacia,3,2
tabuleiro,1,1
árabes,1,9
william,5,1
hierarquia,2,2
bens,6,22
crueldade,1,1
bastasse,3,2
incêndio,2,5
irrestrita,1,1
integralmente,1,3
integrado,1,5
mostrado,3,5
cultivar,2,1
culpados,3,1
mandantes,1,3
estarmos,4,2
vinham,2,1
portadores,1,2
indiretamente,2,1
reforçam,3,3
funcionais,1,1
acusando,7,4
cachorro,3,1
crescem,2,1
divide,1,3
desistiremos,2,2
pagarão,1,3
exercer,5,3
cumpre,4,5
previstos,1,7
ofendido,2,1
conversamos,1,9
transformaram,4,1
lentes,2,1
solidários,1,2
ilusão,1,1
fundado,3,1
disputando,5,2
inauguramos,1,1
censurar,2,3
realizará,1,2
preparados,4,7
post,1,3
inscritos,2,6
bote,2,1
ligar,7,4
donald,1,4
solucionar,1,1
comenta,4,3
agressões,2,8
chorando,6,1
assume,5,4
analisado,3,1
clique,1,7
conformar,5,1
independe,1,1
rouba,2,1
creio,1,3
orientado,1,2
poderá,6,17
doce,5,1
minérios,1,1
tentavam,2,1
europeia,1,2
manterem,2,3
saímos,3,1
livrar,2,7
gentil,2,1
primeiroministro,3,12
mexendo,2,1
resume,2,4
panfleto,4,2
lavar,3,1
dentista,3,1
comprado,1,2
impunidade,3,14
trabalhou,3,1
equivalente,1,2
ocupa,4,3
moda,2,1
roubando,2,2
mandados,3,2
metas,3,7
ninho,1,2
britânico,1,1
linha,10,27
investigações,6,4
altura,3,4
tirei,1,1
aporte,1,1
sintam,2,1
conservadores,1,4
morreram,3,1
sexto,2,1
prove,2,1
apontou,1,2
estabelece,1,1
racionamento,6,1
simbólico,2,1
chover,1,1
prende,3,1
formais,3,8
março,11,20
extradição,1,2
ocorrer,1,1
restabeleça,1,1
mole,1,1
casado,1,1
anuais,1,1
prudente,1,2
total,4,27
estatuto,2,14
comentarista,1,2
bases,4,1
utilizam,1,1
terrorismo,2,22
superou,2,4
petrolífera,6,2
aprendizado,2,4
voltarão,2,3
desesperado,1,1
adotar,1,2
tamanha,2,1
corre,7,3
cearenses,1,1
passos,4,13
absurdas,1,2
puderem,2,1
valer,4,7
espontâneo,1,3
reparar,3,2
piadas,1,1
recorde,8,22
lotada,2,1
privados,1,1
nascidos,2,4
lembranças,3,6
sindicância,1,1
recentes,3,3
realizadas,3,9
confirmam,2,2
consequência,2,4
inteligências,1,2
intenções,12,5
feridas,3,1
obrigada,3,1
modo,5,4
cobrados,1,1
repressão,4,3
lamentavelmente,4,1
faltou,7,3
torre,2,1
herança,4,7
cujo,2,7
posicionamento,5,3
trânsito,3,7
demonstrado,1,1
suposto,1,1
praia,4,5
sólida,1,6
dose,1,1
pato,5,1
corrida,5,5
lindo,6,1
deverá,3,5
superando,4,2
desastre,4,3
instrução,1,3
revisão,2,7
nomeação,2,1
iremos,2,5
isolada,1,1
climáticas,2,1
calçadão,3,8
saúda,6,1
pesado,4,4
competentes,2,1
revolucionário,3,1
desmoralização,1,1
daquela,4,4
nacionais,10,10
advocacia,1,3
esqueceu,5,1
medido,2,2
viadutos,1,3
inovação,2,16
norteamericanos,3,2
calúnias,1,3
norma,1,1
dedicou,3,2
concluirá,1,1
revitalização,1,4
caminha,9,3
bonitas,2,4
atrapalham,1,1
recifepe,1,4
tranquilos,5,3
resgatarmos,2,1
almeida,3,2
agências,1,1
obedece,2,1
elaborado,2,1
entrarem,1,1
precedentes,4,1
legalidade,3,2
expondo,1,5
acusado,9,4
treme,2,1
verdades,4,18
carapuça,1,1
nestas,1,1
frequentar,5,1
auditoria,1,3
doado,1,1
cartões,1,2
processando,1,1
sentimos,1,1
agropecuária,1,3
atende,4,7
demanda,2,10
próspero,2,7
estudamos,2,1
tratamos,2,4
apoiando,3,2
estatal,4,5
favorável,4,14
assinar,3,1
atua,2,2
baianos,3,1
investidores,2,16
melo,3,1
procura,3,3
introduzir,1,1
orgânica,2,2
recomenda,2,1
excelentes,2,3
sulamericanas,1,1
obstruir,1,1
disponíveis,1,1
distribuídos,1,6
igualitária,1,1
obrigatório,3,6
comprados,1,2
esclarece,2,2
substituir,2,1
coletivos,3,1
comentar,1,3
iluminação,1,1
pacífica,2,1
diplomado,1,1
iniciar,2,3
antigos,1,1
destinou,1,6
provocam,1,1
afirmar,2,1
motor,5,4
indica,2,3
surgiu,4,1
direcionamento,1,2
bancário,3,2
mira,1,4
envolvida,1,1
citado,1,4
verbas,2,1
antigo,3,6
servir,2,5
prepare,1,1
desesperada,2,1
planta,2,2
existisse,1,1
sentar,6,1
surgimento,3,1
auditório,7,1
trens,2,1
publicação,2,5
morto,2,5
revogado,1,1
repercussão,2,1
conferir,1,3
montagem,3,2
concreto,4,2
armado,2,5
algodão,1,1
venezuelanos,1,18
michelle,3,6
bachelet,5,1
ambas,3,1
rodoviária,4,1
década,4,2
facada,2,9
seguranças,2,3
tento,1,2
conflitos,3,1
thiago,3,3
mudam,2,1
usinas,1,4
namorados,2,2
anterior,4,10
inaugurada,1,3
devedor,2,1
socialmente,1,1
promete,5,2
ferrovias,4,14
dobrou,3,1
aeroportos,4,22
periferias,4,1
permanece,2,1
cumprimentando,4,1
development,1,1
bank,1,1
pares,1,1
privatizar,1,3
desesperados,1,2
corrêa,2,1
ache,2,1
buscam,1,1
comprovada,1,2
áustria,1,1
enviado,3,3
consultor,1,3
levaria,1,1
abençoado,2,1
japoneses,1,2
brasi,1,1
similar,3,1
mutirão,4,1
aplicar,3,4
móveis,8,7
comprovadamente,2,1
encontramse,1,1
formados,1,1
preparo,3,1
falada,1,1
jairo,3,1
contribuiu,3,1
bravo,1,1
tecnológica,1,8
oculto,1,1
telejornal,1,2
noticiou,1,1
defensor,6,4
situações,1,3
convocar,4,1
bolso,6,6
definição,3,2
pensamos,3,1
essencial,4,4
humildade,2,6
desmascarálos,1,2
negamos,1,1
extra,3,3
montada,2,2
gigantesco,1,8
obriga,2,1
tomando,5,2
respeite,5,1
desmascarada,1,2
generais,1,2
davam,1,1
ordens,2,5
revolta,1,2
paraibanos,2,3
agilidade,1,6
cumprimos,1,1
moram,2,1
antecipação,2,2
instabilidade,2,1
saem,5,2
código,3,2
cumprido,5,4
legalizar,1,2
aparecesse,1,1
dados,3,36
ampliação,5,15
acuse,1,1
ousem,1,1
rejeita,3,3
resoluções,1,1
comanda,1,2
científica,1,5
vidro,1,1
êxito,1,2
respostas,3,10
veículo,4,1
inimigas,2,1
produziu,4,1
ignorando,1,6
considerava,1,1
benção,1,1
expor,1,8
entanto,2,1
cento,1,1
confusão,3,1
sarney,3,1
confins,1,1
peso,3,7
ilumine,2,2
desgastar,1,3
concluiu,1,4
frágil,4,1
instalações,1,2
retorna,3,1
julgaram,4,1
apoiamos,1,1
investidor,1,17
apartamentos,4,2
email,4,1
fisicamente,2,1
impedindo,5,2
garoto,1,23
típica,1,2
vendeu,1,1
safra,1,3
territoriais,1,1
lamenta,2,1
grosseiramente,1,1
defendidos,1,1
colaborar,1,1
litro,1,2
oxford,1,1
elevação,2,5
salve,5,6
ligamos,1,1
realizando,1,1
sancionada,1,3
pontífice,1,1
mamãe,1,1
gostou,6,1
dentistas,2,1
escritórios,1,1
desapareceu,1,1
inseridos,1,1
indícios,2,6
sairemos,2,2
favoráveis,1,4
convidar,3,2
varejo,3,5
legenda,1,3
world,1,6
lembremse,3,1
periódica,1,1
dirigiu,1,1
privilegiar,1,1
convertida,1,1
ocorria,1,1
maldade,1,2
existência,3,4
encomendas,2,1
premiar,1,1
doações,3,4
osmar,4,1
deflagrou,1,1
ocorrendo,1,2
aumentado,2,2
beneficiando,1,6
tirem,1,3
anulando,2,2
daniel,4,8
gramado,1,1
contratou,1,1
captação,1,2
wadih,4,2
damous,4,2
contrapor,1,1
negaram,2,1
cita,4,6
contamos,1,1
realizada,5,23
anistia,1,3
ajudam,1,2
falha,2,1
canalha,4,12
energéticas,1,1
ficasse,1,3
mistura,2,1
procuramos,1,5
indefesos,1,1
macedo,6,2
continuamente,1,1
hidrelétricas,1,2
perigo,1,4
impostas,3,2
barrados,1,1
consequentemente,1,2
canalhas,4,37
leal,3,2
lona,2,1
relacionamento,1,2
rock,1,1
providências,3,2
busquei,2,2
colegas,1,3
seguindo,2,17
contada,2,2
cobre,1,2
absoluto,1,2
niemeyer,3,1
simplicidade,1,1
polarização,1,2
oposto,1,7
extremadireita,1,2
expõe,1,8
mitos,1,1
visava,1,1
prestará,1,1
essenciais,2,8
certificação,2,1
ficará,4,4
utilizado,1,4
incentivar,3,3
redor,3,1
plantada,1,1
tomam,3,1
vagabundo,6,7
obstáculos,1,1
enormes,2,2
colunista,1,4
noruega,1,2
caramba,1,1
máscaras,1,1
comunicar,1,2
hang,1,2
gazin,2,1
havan,2,2
métodos,1,3
escoar,1,1
reforço,2,3
extermínio,1,1
concluir,2,5
duvidas,1,2
analfabetos,3,2
saudado,3,1
questões,1,5
requerimento,1,1
necessárias,2,9
imóveis,1,7
influência,2,2
bíblia,2,1
agronegócio,1,8
déficit,6,3
torcem,2,3
feia,1,2
hashtag,2,8
patamares,2,1
sétimo,3,1
descabida,1,1
fakenews,1,30
eliane,2,1
aquino,1,1
educar,3,1
importação,3,11
desmascarando,1,1
desenhe,1,1
estimação,1,1
jean,2,11
orações,3,9
acelerado,1,4
hall,2,1
promovidas,2,1
ignore,1,1
entram,1,1
narrativa,2,11
concretos,1,2
desconstruindo,1,1
argumentos,4,2
decisivo,4,6
duras,2,2
penas,1,9
desprezível,1,1
ferroviária,2,3
rodovias,1,26
atenta,2,1
lazer,2,2
atacando,2,3
aperfeiçoamento,2,3
manifeste,1,1
destruídos,1,2
monitoramento,2,1
perigos,1,1
comuns,1,2
engajados,1,1
resolve,1,6
armada,3,1
treinada,1,1
diminui,4,2
utiliza,1,1
quente,3,2
roteirista,1,1
frases,1,3
escória,1,2
estragando,1,1
exemplos,2,9
bolsafamília,1,12
votado,6,5
ensina,1,2
bolha,1,1
pacaembu,1,1
imprescindível,1,1
consideramos,2,1
pilar,2,3
mobilizar,2,1
adotado,2,1
lido,4,2
belford,2,1
urbana,4,7
relator,3,4
órgão,2,3
reunimos,1,5
representatividade,1,2
atriz,3,1
catedral,3,3
abandonado,1,1
cemitério,1,6
descobrem,1,1
ressaltar,1,2
esquecida,2,1
vapor,2,2
conselhos,2,1
respeitador,1,1
disponibilidade,1,2
tartaruga,1,2
indivíduos,1,1
pedra,1,2
sousa,6,1
sugere,1,2
destroem,1,2
aprova,2,12
vestibular,2,1
colocarmos,1,2
pagando,5,4
confiamos,3,1
souberam,1,1
significam,1,3
ataca,1,6
aplicada,1,1
paiva,1,1
roubo,1,3
vivência,2,2
concursado,1,2
tomava,2,2
acaso,3,3
arbítrio,1,1
monopólio,3,6
discriminação,1,3
julgam,1,1
reconheço,2,1
imunidade,1,3
prevenção,2,7
negam,1,2
mínima,2,7
chegado,2,4
metendo,1,1
bronca,2,1
florestal,1,1
explicando,1,3
básicas,3,2
veneno,1,1
controladoria,3,2
hermanos,2,2
filiação,2,1
torneiras,2,1
silvio,2,6
paranaense,2,1
repercutiu,2,1
desanimem,2,1
minorias,2,8
praticando,1,2
particulares,5,1
chineses,1,3
fizermos,1,2
conseguiremos,1,1
definiu,2,1
intriga,1,2
importando,1,1
polônia,1,1
trilhão,2,3
brincando,1,2
pelegos,2,1
descobre,1,2
participarem,2,1
imagino,2,1
entregaram,1,1
filhas,1,2
sensacionalista,1,2
cartilha,2,5
alvos,1,1
colocam,3,3
compare,2,1
analisa,2,3
salvam,1,2
primeiradama,1,2
alternativa,4,6
falávamos,1,1
ajudem,3,1
almirante,1,8
mundialmente,3,1
discutida,1,1
alertava,1,1
mandioca,1,1
miranda,3,3
fachin,1,1
retirou,1,3
futura,1,2
revelar,1,1
negociou,1,2
confessou,1,1
praticado,1,4
fantoche,1,3
continuarmos,1,2
inês,2,1
irmãs,1,1
publicada,3,9
trechos,4,7
esclarecimentos,3,1
criminoso,3,13
incriminar,2,1
infernizar,1,2
porões,1,1
torturador,1,2
pablo,1,1
checar,1,1
primárias,2,1
argentinas,1,1
resolva,1,1
pagou,5,2
executivos,1,1
possibilita,1,3
permanência,3,1
verdadeiramente,1,9
invadiu,1,1
decidirmos,1,1
respaldo,1,1
abrem,1,2
animado,3,1
preservados,1,2
times,2,2
meias,1,4
apontar,2,2
conhecimentos,1,3
embrapa,2,1
peste,1,1
sujeira,1,2
dependo,1,1
anule,1,1
defend,1,1
democracy,2,1
york,4,3
espalhados,2,3
assistiram,1,3
àquele,1,1
assistam,1,2
enfim,2,3
mediante,1,4
galeria,1,1
diários,1,1
confessar,1,1
editoriais,1,1
formarmos,1,1
crescente,2,4
liberais,1,3
cruéis,2,1
sucedido,1,1
pegamos,1,4
pareceu,2,1
janot,4,2
obstrução,3,1
cura,2,5
arábia,2,6
saudita,1,8
produzidos,1,4
dividendos,2,2
dadas,2,2
encontrouse,2,1
exclusivamente,1,1
textos,1,1
catarinenses,1,1
cerâmica,1,1
únicos,1,5
direitinho,1,1
evangelho,1,1
atacantes,1,1
gigantes,3,3
iniciada,3,3
erradas,2,2
renovar,2,1
feriado,1,2
romero,2,1
estoque,1,3
empreendimentos,1,2
espalham,1,4
didática,1,1
idosos,2,4
transporte,3,12
destruiu,1,3
anunciado,1,1
incapazes,2,1
destinando,1,1
refletindo,1,1
conhecendo,1,2
editores,1,1
reagem,1,1
constituir,1,1
premissa,1,1
preferencial,2,1
romper,1,1
marcante,2,1
deixo,1,6
vossa,1,1
excelência,1,3
destaco,1,3
instalação,1,2
apura,3,1
sánchez,2,4
apostou,1,1
progresso,6,13
comprometer,1,1
madeira,1,3
regina,2,2
pódio,1,1
peixe,1,6
decidido,3,2
desfazendo,2,2
transformem,2,1
subiu,2,2
gonçalves,2,2
ocupados,1,2
nunes,1,2
empobrecimento,1,1
singela,1,1
maestro,1,1
tragédias,1,2
comemorativa,1,2
divulgado,3,4
borges,1,1
experiências,4,6
sucedidas,1,1
enfrentei,1,1
denunciei,1,1
colocações,1,2
protocolamos,1,1
teimam,1,2
manchar,1,1
pressões,1,1
tocar,4,2
machado,1,2
reflete,1,4
sombra,3,1
refletir,2,3
levantou,1,1
coluna,1,3
doméstico,1,8
especulações,1,3
titular,1,1
terror,2,6
abastecimento,1,1
foise,1,1
casamento,1,5
maneiras,2,2
fazenda,7,1
feridos,1,1
baía,1,2
fortalece,2,4
urgentemente,1,4
farsas,1,2
judiciais,2,1
tweet,1,1
adolescentes,2,1
conhecida,2,6
descaradamente,2,6
desproporcional,1,1
ligada,1,1
médicas,1,1
agradecido,3,1
contêineres,1,1
vazou,2,1
reaquecendo,1,2
travado,1,1
destacou,2,1
estabelecer,1,4
goulart,1,1
distância,1,2
facilitar,2,3
tirada,1,2
análises,1,1
magistrados,1,1
antemão,1,2
firmado,1,2
tropas,1,1
cobrança,2,7
apreço,1,2
rigor,2,1
induzir,1,1
treinamento,1,1
metralhadora,1,1
itaipu,1,2
liderar,1,2
despesas,1,5
desconstrói,1,1
assalto,2,4
sobrou,1,2
buscou,1,1
aconchego,1,1
surpreso,1,1
contagem,2,2
movido,1,2
servem,1,5
passados,1,4
rogério,2,1
poesia,1,1
sólidos,1,1
atacados,1,1
cantada,1,1
paixão,3,3
remuneração,2,3
ofender,1,1
orla,2,1
alega,1,3
taurus,1,1
pesquisador,1,1
analisando,1,3
descompromisso,1,1
locomotiva,1,1
infelicidade,1,1
combatidas,1,1
reelegeu,1,1
concursados,1,1
melancia,1,1
erramos,2,1
sobrenome,1,1
sacola,1,1
leandro,1,2
bilionário,1,3
horrores,1,1
anunciaram,2,1
comprometida,2,4
destes,1,12
fantástico,2,9
lusofonia,1,1
garantida,1,1
curta,3,2
astronauta,2,8
olavo,2,4
redonda,2,3
kkkk,2,11
apoiador,1,1
trabalhado,1,2
freedom,1,1
interferência,2,7
ulisses,1,1
maluf,2,1
desconhecido,1,2
desmascarados,1,1
debatem,1,1
repórter,1,4
ideologicamente,1,3
vencendo,1,1
esqueçam,1,1
ruth,1,1
gerado,1,3
inquéritos,1,1
lema,1,2
desconstruída,1,1
promessa,3,3
mestres,1,2
leem,1,2
dentre,1,8
verão,2,3
derivados,4,4
matériaprima,1,1
transformada,2,1
currículo,2,4
lingua,1,1
transparência,4,6
ilha,3,6
covardes,1,3
conscientização,1,3
doou,1,3
fechando,2,2
mineração,1,9
distribuída,1,1
municipais,2,4
péssima,1,1
esmolas,1,1
liberálo,1,1
burocracia,1,13
desejar,2,2
processado,2,1
substituição,1,2
imputação,1,1
chegarão,1,5
visões,1,1
esportivo,1,2
desentendido,1,2
maré,2,1
rato,1,1
liderando,2,1
assisti,1,2
pisa,2,2
habitação,10,5
unidades,4,14
revelação,3,1
mansões,1,2
classes,2,7
liberados,1,3
reparem,1,1
lutaram,1,2
castello,1,1
queimadas,1,3
perspectivas,1,3
aperfeiçoar,1,1
observar,1,1
recebêlo,2,1
projeção,1,1
criançada,1,1
reaja,1,1
liberação,1,21
francischini,1,1
financiou,1,1
perderia,1,1
gasta,3,3
mané,2,1
garrincha,1,1
vendas,1,9
umas,1,4
durmam,1,1
facista,1,2
prepara,2,6
morri,2,1
prega,1,4
ufrj,1,2
revertidos,1,2
leito,1,1
equipamentos,2,7
gestor,4,2
funciona,3,7
determinando,1,1
wilson,1,2
integrar,1,1
centros,1,2
sessão,1,5
tráfico,3,21
drogas,4,38
apreendida,1,1
irrelevante,1,2
traficante,2,2
triplicar,1,1
buscamos,1,3
cérebro,1,2
reafirmo,1,3
abrirei,1,1
cercando,1,1
torcida,2,1
coitado,2,1
uberlândia,1,2
normais,1,1
justificativa,2,1
analise,1,7
aumentam,1,1
reflexões,1,1
assinados,1,3
sanção,1,2
moto,1,4
anac,1,1
intervalo,1,1
propus,2,3
correio,2,4
braziliense,1,2
originalmente,1,1
formadas,2,1
manifestou,1,1
jurisdição,1,1
assassinatos,1,12
elaboração,1,3
implantação,2,2
aplaudida,1,1
transformações,3,1
calmo,1,1
curiosidade,1,2
devidamente,1,2
cabresto,1,1
medir,1,1
chegaremos,1,1
cúpula,2,10
venezuelano,1,3
anunciamos,1,1
boston,1,6
negativo,1,3
indispensáveis,1,1
martín,1,1
davi,1,2
compete,1,1
mencionado,1,1
gritavam,1,1
restabelecimento,2,1
custando,1,1
esperase,1,2
condenações,1,1
gostaríamos,1,1
rito,1,1
atuando,1,3
abrindo,2,3
oferecendo,2,2
anda,2,1
virão,1,11
destilam,1,1
crescemos,3,1
omitir,1,3
observatório,2,1
intervenções,1,1
eleja,2,1
panorama,1,1
fuzil,1,3
retórica,1,1
videoconferência,1,1
funcionamento,1,7
mantinha,1,2
universo,1,3
semelhança,1,7
aviv,1,1
antidemocrático,1,1
achamos,2,1
sequência,1,2
legalmente,1,4
contratadas,2,1
detrimento,2,4
inadmissível,1,1
chilenos,1,2
esgoto,2,1
doenças,1,1
provocado,1,1
automática,3,2
desenvolva,1,1
absorvidos,1,1
realiza,1,4
canadá,3,5
gripe,1,1
raramente,1,1
orquestrado,1,1
torcedores,1,1
náutico,1,3
visitamos,1,3
trabalharem,1,2
assaltar,1,2
burguesa,1,1
corrupta,1,1
trato,1,1
propiciar,1,2
pondo,1,1
praticados,2,3
demorado,2,1
acionou,1,1
saudoso,3,1
participamos,2,7
formarem,1,1
fantasia,2,2
idéias,1,2
poço,2,1
transmitida,1,3
inauguraram,1,1
equipes,1,5
alcançamos,1,5
rombo,1,1
fomentar,2,3
gratuitamente,1,10
aposta,1,1
educada,1,1
provocou,1,1
maldita,2,2
desconhecida,1,1
presenciamos,1,1
mtos,1,4
lembrese,1,1
esquecidas,2,2
afastada,1,1
jessé,2,2
convencendo,1,1
protestam,1,2
lares,1,4
desistiram,1,1
truth,2,3
will,3,9
menções,1,2
comentou,1,1
publicados,1,3
parques,1,2
eficientes,1,3
artifício,1,1
competente,1,4
ficarão,1,1
caminhará,1,1
embarco,1,7
poupança,1,2
aviões,1,6
assaltaram,1,1
cofres,1,8
glicério,1,1
automobilística,2,1
perpetuar,1,1
gracias,1,3
entranhas,3,1
modernizar,1,4
expressar,1,3
decretos,1,4
amplamente,3,2
promotores,3,1
convido,1,1
sombrio,1,4
verdadeiras,1,1
nortece,1,1
publica,1,5
israel,1,65
terminarem,1,2
votará,1,2
dirigir,4,2
laboratórios,1,3
doze,1,1
levadas,1,1
proteja,1,3
raízes,1,2
impressionante,2,1
concessões,1,19
reputação,1,2
comentam,1,2
gestos,1,1
exclusivas,1,1
apreensões,1,4
confisco,1,2
aterroriza,1,1
parentes,3,1
beneficiado,2,3
matérias,2,8
recusei,1,1
emenda,2,10
tende,1,2
desinformado,1,4
específicos,1,4
vigência,1,1
interna,2,3
duda,1,2
árduo,1,2
sugestão,1,2
secreto,1,1
cores,2,5
expõem,1,1
suspeitas,1,3
propósitos,1,2
dribla,1,1
medicamentos,1,7
irei,2,1
volume,2,6
cópia,1,3
bate,2,20
enfrenta,4,2
exibição,1,1
científicas,1,2
geram,1,2
cumpram,1,1
leão,1,1
fixou,1,1
adultos,1,2
capítulo,1,1
etiópia,2,1
equilibrado,1,1
populações,1,3
evangélicas,1,1
correta,1,5
prestigiar,1,3
inverno,1,3
volver,1,1
respira,1,1
pedia,1,1
escolhidos,1,1
inocentemente,1,1
proferir,1,2
previsão,1,5
thank,1,11
your,2,4
have,2,1
always,1,2
candidate,2,3
presidency,1,2
with,1,4
president,1,8
combatentes,1,2
dores,1,1
comunicador,1,1
publicidade,1,2
aliado,2,6
demissões,1,5
japão,2,23
caçaram,1,1
cansa,1,2
assumirá,1,2
cercado,1,1
deixarão,1,2
montamos,1,1
dividido,1,2
indicações,1,12
calarão,1,2
fantasmas,1,2
ideológicos,1,2
atrasado,2,1
maioridade,1,17
conivente,1,1
filosofia,1,4
acertada,1,1
saberem,2,1
atendido,1,1
letras,1,1
renovando,1,1
filia,1,1
reparado,1,1
gastam,1,1
comunistas,1,13
compensa,1,2
permitindo,1,1
gastaram,1,1
amélia,1,2
atendidos,1,2
significativo,1,1
extração,1,1
protocola,1,2
registrou,1,3
apresentamos,2,2
registros,1,1
racista,1,2
indecisos,1,1
iniciamos,1,3
reage,1,1
cala,1,1
prestando,1,4
preocupam,1,2
estardalhaço,1,1
margens,2,1
salas,1,3
coerência,2,9
lançamos,1,4
fabricado,1,2
proteína,1,2
voltaram,2,1
lanche,1,1
complicado,1,3
pagará,1,2
rincões,1,5
marinha,1,18
assinamos,1,8
informática,1,6
sistemas,1,2
rotina,1,8
nicho,1,1
iniciativas,1,8
produzimos,1,1
afetar,1,1
contratados,1,1
gaúcho,2,2
mediocridade,1,1
sintonia,1,1
paraibana,2,1
devolução,1,1
rodoviárias,1,2
passagens,1,13
felicidades,1,5
seguirmos,1,1
seguidas,1,1
focadas,1,1
homicídios,1,12
lembrei,1,1
implementar,1,3
frentes,1,3
podre,1,1
ensinando,1,3
votada,1,5
voltarmos,2,2
semanalmente,1,1
sentados,1,1
vinculada,1,2
deficiência,3,9
procurou,1,1
amigável,1,2
repita,1,1
aderiu,2,1
obrigatoriedade,1,3
passeatas,1,1
permitido,2,2
gravei,1,3
recupere,2,1
batido,1,1
entusiasmo,2,1
remédios,1,1
adulto,1,1
descanse,1,1
belga,1,1
lance,1,1
importações,2,3
votamos,4,1
exibida,1,1
desumano,1,1
apela,1,1
competitividade,1,10
combatido,1,3
traficantes,1,3
mobilizou,1,1
pleito,2,3
correu,1,1
agiram,1,1
natalrn,1,3
entraves,1,4
autorizou,2,5
quintas,1,1
conferimos,1,1
portar,1,1
presid,1,1
usasse,1,1
armações,1,1
hélio,1,2
brito,1,1
recuso,1,1
fiquemos,1,1
escritório,2,3
recusar,1,1
gratuitos,1,1
guerreiras,2,1
notificação,1,1
distribui,2,2
cumprimentos,1,6
utilizados,1,9
únicas,1,2
transparente,1,1
anticorrupção,1,1
saberá,1,1
legislativas,1,1
radicalização,1,1
desenvolvidos,1,2
polos,1,1
locação,1,1
relacionar,1,2
bateu,1,7
ignorar,1,4
transformando,1,3
caluniando,1,1
recriar,2,2
regularizar,1,1
deficientes,1,9
nefasta,1,1
realidades,1,1
publicaram,1,2
reformulação,1,3
lanchas,1,1
concluída,1,2
revelados,1,1
gigantesca,1,1
atuais,1,11
aproveitem,1,2
totais,1,1
galinha,2,1
espalha,1,6
esquartejado,1,1
senadoras,1,1
fazendeiro,1,1
financeiros,1,3
cães,1,4
ladram,1,1
adilson,1,1
controlada,1,2
left,1,3
society,1,1
mentem,1,7
sincero,1,3
fazermos,1,3
introdução,1,1
autoria,1,4
fortalecendo,1,2
necessitadas,1,1
conseguirão,1,4
restabelecida,1,2
parágrafo,1,1
mega,1,1
atletas,1,3
olímpicos,1,1
aguardamos,1,2
academia,1,16
homo,1,1
pratica,1,1
formalizou,1,1
individuais,1,6
amazônica,1,5
valoroso,1,1
andou,1,1
informado,1,7
pressionar,1,1
fabricados,1,2
larga,1,6
dependente,1,1
aplaude,1,2
today,1,2
corruption,1,1
bala,1,2
imigração,1,4
caneta,1,2
frustrar,1,1
carrega,1,1
reveladas,1,1
urgência,2,3
provadas,1,1
fabricada,1,4
corrupto,2,31
desmentido,1,1
evoluindo,1,8
resultou,1,2
fuzis,1,1
unimos,1,1
portaria,1,11
empréstimos,1,2
plantam,1,1
pararam,1,1
cansam,1,4
hídrica,1,1
bispo,1,4
divulgaram,1,1
jandira,1,7
boato,1,1
pretendemos,1,9
criminosas,1,4
proporções,1,1
cacete,1,1
derruba,1,2
amizades,1,1
italiana,1,1
amostra,1,1
domicílios,1,1
contínua,1,4
soldado,1,13
restrição,1,1
basicamente,1,1
levados,1,1
apareço,1,1
cronograma,1,2
amapá,1,3
integrou,1,2
